group,variant,n_seeds,psnr,psnr_std,mpsnr,mpsnr_std,ssim,ssim_std,haarpsi,haarpsi_std
baseline,real_c,1,42.2524068565413,0.0,40.8866060930556,0.0,0.9702029371261597,0.0,0.9833614352345467,0.0
film_C,constant_c,1,42.32234303651407,0.0,40.93662590896892,0.0,0.9703258153796196,0.0,0.9837028282880783,0.0
film_C,real_c,1,42.30699907461218,0.0,40.92566174016443,0.0,0.9703023216128349,0.0,0.9835639017820358,0.0
film_C,shuffled_c,1,42.304798859374586,0.0,40.92413652629521,0.0,0.9702854081988335,0.0,0.9835088351368904,0.0
film_C_filmlr1e-3,constant_c,1,42.49142566699609,0.0,41.05405438853326,0.0,0.9706378331780434,0.0,0.9846748846769333,0.0
film_C_filmlr1e-3,real_c,1,42.49097268314469,0.0,41.05885549511059,0.0,0.9706310978531838,0.0,0.9846799904108048,0.0
film_C_filmlr1e-3,shuffled_c,1,42.479746685960535,0.0,41.04548464962756,0.0,0.9706257253885269,0.0,0.9846092918515206,0.0
film_A,constant_c,1,42.31274963253944,0.0,40.932705699118685,0.0,0.970301420390606,0.0,0.9835983246564866,0.0
film_A,real_c,1,42.31904433618209,0.0,40.935207950929446,0.0,0.970302963256836,0.0,0.9836819297075272,0.0
film_A,shuffled_c,1,42.31016867780935,0.0,40.93098383316625,0.0,0.9703001150488854,0.0,0.9835421374440193,0.0
film_B,constant_c,1,42.307362298543374,0.0,40.93145961489253,0.0,0.9702903538942337,0.0,0.9835784909129143,0.0
film_B,real_c,1,42.33031099180998,0.0,40.938396689207536,0.0,0.9703008460998536,0.0,0.9837257954478263,0.0
film_B,shuffled_c,1,42.29384851261691,0.0,40.92644332515717,0.0,0.9702844482660293,0.0,0.983430318236351,0.0
