comparison,metric,mean,ci_low,ci_high,per_seed
film_C : real_c − shuffled_c,psnr,0.002200215237595984,-0.007668094412361612,0.012003047726793174,+0.0022
film_C : real_c − shuffled_c,mpsnr,0.001525213869224231,-0.005385478704011254,0.008159547603120081,+0.0015
film_C : real_c − shuffled_c,ssim,1.6913414001460957e-05,-1.4278046786785473e-05,5.421283096075268e-05,+0.0000
film_C : real_c − shuffled_c,haarpsi,5.506664514541793e-05,-5.267548561096143e-05,0.00016487224400043167,+0.0001
film_C : real_c − constant_c,psnr,-0.015343961901883816,-0.02394176391184288,-0.00716675936390989,-0.0153
film_C : real_c − constant_c,mpsnr,-0.010964168804495139,-0.016781299532479418,-0.005521390176331907,-0.0110
film_C : real_c − constant_c,ssim,-2.349376678467019e-05,-4.145261645316599e-05,-1.2246921658515918e-05,-0.0000
film_C : real_c − constant_c,haarpsi,-0.00013892650604248102,-0.00023665369302033548,-6.258115172385897e-05,-0.0001
film_C − baseline,psnr,0.054592218070879606,0.03700025965813115,0.07279545685073048,+0.0546
film_C − baseline,mpsnr,0.039055647108829736,0.02730410259623603,0.0529797035799052,+0.0391
film_C − baseline,ssim,9.938448667525524e-05,7.013750821351784e-05,0.00012030757218598236,+0.0001
film_C − baseline,haarpsi,0.0002024665474891718,2.113423496485824e-05,0.0004071941301226642,+0.0002
film_C_filmlr1e-3 : real_c − shuffled_c,psnr,0.011225997184165734,-0.008194872982067615,0.03129587313893387,+0.0112
film_C_filmlr1e-3 : real_c − shuffled_c,mpsnr,0.013370845483039843,-0.0009173053570594894,0.028814979953532188,+0.0134
film_C_filmlr1e-3 : real_c − shuffled_c,ssim,5.372464656830389e-06,-4.692390561111121e-06,1.7273202538495458e-05,+0.0000
film_C_filmlr1e-3 : real_c − shuffled_c,haarpsi,7.069855928420743e-05,-3.8645841181293444e-05,0.00019736305624246402,+0.0001
film_C_filmlr1e-3 : real_c − constant_c,psnr,-0.00045298385139879826,-0.018253600005298923,0.017671576483059497,-0.0005
film_C_filmlr1e-3 : real_c − constant_c,mpsnr,0.004801106577329826,-0.008544195821634966,0.019166032724109733,+0.0048
film_C_filmlr1e-3 : real_c − constant_c,ssim,-6.735324859617475e-06,-1.2016661465158271e-05,-1.3025775551933361e-06,-0.0000
film_C_filmlr1e-3 : real_c − constant_c,haarpsi,5.105733871466623e-06,-7.051738351581591e-05,9.13909524679249e-05,+0.0000
film_C_filmlr1e-3 − baseline,psnr,0.2385658266033954,0.1624633885983466,0.32571355400914453,+0.2386
film_C_filmlr1e-3 − baseline,mpsnr,0.17224940205499104,0.11007649895786832,0.24719564516024214,+0.1722
film_C_filmlr1e-3 − baseline,ssim,0.0004281607270240712,0.0003905582502484235,0.0004684032425284393,+0.0004
film_C_filmlr1e-3 − baseline,haarpsi,0.0013185551762581011,0.0007848026752472077,0.0020229922011494724,+0.0013
film_A : real_c − shuffled_c,psnr,0.008875658372741277,0.0026954786836898875,0.015963854526409638,+0.0089
film_A : real_c − shuffled_c,mpsnr,0.004224117763196453,0.0008831843606840799,0.008087349199703116,+0.0042
film_A : real_c − shuffled_c,ssim,2.8482079505998128e-06,-2.801187336432448e-06,7.605262100716284e-06,+0.0000
film_A : real_c − shuffled_c,haarpsi,0.00013979226350785247,5.482546985151431e-05,0.0002422408312559149,+0.0001
film_A : real_c − constant_c,psnr,0.0062947036426435335,0.002008323427747241,0.010883009340411818,+0.0063
film_A : real_c − constant_c,mpsnr,0.0025022518107586933,9.122722606739451e-06,0.005353994738021205,+0.0025
film_A : real_c − constant_c,ssim,1.5428662300220885e-06,-2.0131468772777996e-06,4.46501374245635e-06,+0.0000
film_A : real_c − constant_c,haarpsi,8.360505104065274e-05,3.229692578315464e-05,0.00014148426800965702,+0.0001
film_A − baseline,psnr,0.06663747964079217,0.0479990909438532,0.0872885257383245,+0.0666
film_A − baseline,mpsnr,0.048601857873849144,0.03544201426669904,0.06487195625875065,+0.0486
film_A − baseline,ssim,0.00010002613067626454,8.17660316824811e-05,0.00011533260345457274,+0.0001
film_A − baseline,haarpsi,0.00032049447298051093,0.000146766185760519,0.0005209857225418168,+0.0003
film_B : real_c − shuffled_c,psnr,0.03646247919306255,0.02026260289795495,0.05421085144452806,+0.0365
film_B : real_c − shuffled_c,mpsnr,0.011953364050364214,0.0035154500101554696,0.020840397601356035,+0.0120
film_B : real_c − shuffled_c,ssim,1.6397833824171038e-05,4.903249442602662e-06,2.921801805496647e-05,+0.0000
film_B : real_c − shuffled_c,haarpsi,0.0002954772114753706,0.00012464191019534457,0.0004890055209398383,+0.0003
film_B : real_c − constant_c,psnr,0.02294869326660745,0.010240536310477938,0.035721567342150734,+0.0229
film_B : real_c − constant_c,mpsnr,0.006937074315001972,0.0002086589544835693,0.014014634023222889,+0.0069
film_B : real_c − constant_c,ssim,1.0492205619823669e-05,3.7925243377786856e-06,1.8379814922818674e-05,+0.0000
film_B : real_c − constant_c,haarpsi,0.00014730453491211437,4.272589832545584e-05,0.0002586774677038303,+0.0001
film_B − baseline,psnr,0.07790413526867908,0.05642070156433783,0.1019722555685914,+0.0779
film_B − baseline,mpsnr,0.051790596151934556,0.0374022860754694,0.06929857630409837,+0.0518
film_B − baseline,ssim,9.790897369384655e-05,7.481700181961073e-05,0.00011647618561982797,+0.0001
film_B − baseline,haarpsi,0.00036436021327973354,0.0001901493817567955,0.0005626530349254744,+0.0004
