degradation,level,param,n_images,psnr_clean_deg,psnr_clean_deg_lo,psnr_clean_deg_hi,psnr_clean_rec,psnr_clean_rec_lo,psnr_clean_rec_hi,psnr_deg_rec,psnr_deg_rec_lo,psnr_deg_rec_hi,delta,delta_lo,delta_hi,mpsnr_clean_deg,mpsnr_clean_deg_lo,mpsnr_clean_deg_hi,mpsnr_clean_rec,mpsnr_clean_rec_lo,mpsnr_clean_rec_hi,mpsnr_deg_rec,mpsnr_deg_rec_lo,mpsnr_deg_rec_hi,mdelta,mdelta_lo,mdelta_hi,frac_restored
blur,0,1.0,100,,,,33.06848617502771,32.62813363446194,33.528478852919086,33.06848617502771,32.62813363446194,33.528478852919086,,,,,,,33.06827194934852,32.65002229593332,33.54357398923724,33.06827194934852,32.65002229593332,33.54357398923724,,,,0.0
blur,1,5.0,100,35.41919152502431,34.7321965191856,36.138709760688435,33.47027973776672,32.949194406829484,33.999872248781166,39.834039094509706,39.43009106452713,40.24439313479131,-1.9489117872575952,-2.170459238291177,-1.7246729960886533,36.91763249988856,36.46978045703115,37.41811641726277,34.13604181059045,33.75167870324192,34.563635133326144,39.68115755324542,39.375542136223,39.99886767003953,-2.7815906892981115,-2.887534497526762,-2.6748542492201297,0.03
blur,2,9.0,100,32.78567151902042,32.12033692817523,33.44134911421509,32.17965582391358,31.561398156562763,32.78468169662998,42.903061313567974,42.36689037842503,43.41447821045482,-0.6060156951068416,-0.7110587509114866,-0.5044113364212085,33.71525152085866,33.320252276221986,34.12961179138216,33.01104118845517,32.62768509304553,33.42234837218473,43.37495240863822,43.00000842247987,43.73450100079598,-0.7042103324034861,-0.7714526039279909,-0.636042232696823,0.13
blur,3,11.0,100,32.04190218967371,31.37954686187078,32.68679828639497,31.622266701229425,30.98467804979683,32.24238524564726,43.79013236011818,43.2316108587164,44.325361715960774,-0.4196354884442924,-0.49790818119624514,-0.3445552566988685,32.74915681521803,32.37313450706943,33.130458847327354,32.33659008120705,31.97082441842721,32.72904720812795,44.49545559711767,44.05818455410063,44.895840530261914,-0.41256673401098454,-0.4807655914880754,-0.34627687246069366,0.12
blur,4,15.0,100,30.82980068083423,30.171507470136557,31.455845448535847,30.65838270070961,30.006850617824263,31.292690969835483,44.90943609909836,44.31151055946715,45.45938780718096,-0.17141798012462123,-0.2225221882782577,-0.12469688888856063,31.131855327226752,30.793752328447283,31.475838463754645,30.948238089815007,30.59722155084917,31.30875423065057,46.01924265538975,45.46563527464311,46.54278981565182,-0.18361723741175634,-0.256377558552037,-0.1057559322083257,0.2
blur,5,19.0,100,29.89155310085635,29.241919568568267,30.516716937814238,29.85909004502222,29.218397218753065,30.48959087206574,45.29223006526653,44.66261080817839,45.877780391790274,-0.03246305583412571,-0.06747999670964754,-0.0005212939990024392,29.848897113718554,29.532793171380245,30.175216755253267,29.706535468838748,29.37482918969593,30.05179379283704,46.702538654620675,46.02767748623648,47.34881913555919,-0.14236164487980205,-0.2196597321566266,-0.06322660816354583,0.46
blur,6,21.0,100,29.538843010177352,28.901066681352507,30.169246734810482,29.540558133249522,28.91411821716185,30.164973431995026,45.337246915945244,44.7026109761791,45.92788409445928,0.001715123072173906,-0.028759059090558415,0.028854020243748696,29.340940494020533,29.02417753558354,29.659646615715076,29.19360474080017,28.867643319598635,29.532462770495158,46.89290895210285,46.194074302678075,47.57540563572693,-0.14733575322035797,-0.22493557639683015,-0.06688916547880464,0.56
blur,7,25.0,100,28.82471111536492,28.191364624280787,29.44739908406204,28.882494440818235,28.253231719204525,29.495226413181605,45.37693755343603,44.75898688991066,45.97910832614578,0.05778332545331617,0.03603438319701193,0.07804300388867388,28.36242625943419,28.04881672027712,28.676224572483836,28.20045234437463,27.877088344039834,28.52590767407471,47.208681932896106,46.46307658375529,47.94886714909021,-0.1619739150595629,-0.23445752609630108,-0.08651877864185822,0.79
blur,8,29.0,100,28.255029701674257,27.637511780545644,28.856629539569155,28.325485964388143,27.71185197439773,28.92110244947595,45.50404069336986,44.88499021447258,46.12037722824966,0.07045626271389094,0.05130255833034742,0.08788480132542385,27.55661515460911,27.25450010439864,27.868928457262797,27.375989366076023,27.058825536171472,27.69334374911082,47.49601837389183,46.71272918344958,48.2535192608991,-0.18062578853308653,-0.24632953246018144,-0.11107914558019877,0.8
blur,9,31.0,100,27.994686745260264,27.37855888263698,28.59447400047878,28.072463627211473,27.461269135336988,28.664452718905647,45.57216912529525,44.96364861567356,46.187062509987584,0.07777688195120662,0.060483108520221485,0.09432345589171488,27.211956202968626,26.908042553036505,27.523909779854403,27.025048031833112,26.70829136270431,27.333997551207347,47.663040968380926,46.86636550073409,48.431168736597584,-0.1869081711355179,-0.25044686949681083,-0.11850811731392985,0.82
jpeg,0,95.0,100,44.742223903725154,44.48441173924824,45.004939290749135,33.00399781600516,32.56265909779932,33.46127510827995,32.93557754553658,32.48559947225553,33.406699568971575,-11.73822608771998,-12.005834207168226,-11.475807327976064,44.25446801531558,44.0088847664239,44.51623256145424,32.99692772170702,32.57803890299923,33.47320381883746,32.902330200041156,32.473271642576584,33.39160660977624,-11.257540293608542,-11.47812224329809,-11.029934745980135,0.0
jpeg,1,85.0,100,40.79814746938493,40.42950315388774,41.17188132984272,33.11690009421684,32.66651021047158,33.584808513392716,33.40395412718671,32.94226557967733,33.880789976184595,-7.681247375168099,-7.935950045609264,-7.4449204041957,40.11240127120529,39.7479511480449,40.49480703704311,33.10111254568576,32.68131352647767,33.580355645745854,33.382682465807434,32.95045980579877,33.865617429981796,-7.011288725519535,-7.158982520012842,-6.8672375354237,0.0
jpeg,2,75.0,100,39.421912562971336,39.06444861884345,39.79024613624068,33.21771304252077,32.76946764308165,33.67844356257677,33.73221896179754,33.281768813082905,34.21400294666938,-6.204199520450559,-6.45354425692966,-5.970607121859109,38.69826725316955,38.344031953184135,39.0753643140678,33.19755288804158,32.78192251232326,33.666465446345,33.70825774696545,33.29190301279184,34.17080690680586,-5.500714365127979,-5.643726501799657,-5.362496101669074,0.0
jpeg,3,65.0,100,38.55266470416745,38.20547996615224,38.91123878152839,33.26918946819201,32.833393709303884,33.729466567752304,33.94679276861755,33.479983766703235,34.428852028536774,-5.283475235975431,-5.526381825893919,-5.052214481418914,37.823606056359345,37.47982999707078,38.190540363958846,33.212976131619264,32.8087426486973,33.671134751654144,33.84133295160899,33.433679307266075,34.288969054224125,-4.610629924740082,-4.740859321797768,-4.4846287182940445,0.0
jpeg,4,55.0,100,37.81974289365507,37.480883821120244,38.16927258482087,33.35119229292081,32.92559541407291,33.799863099344705,34.238020152238704,33.76695075196178,34.724316548158505,-4.468550600734266,-4.703617940303072,-4.244788455311126,37.06859971861271,36.74526663289447,37.41568467678852,33.23243662475895,32.84293695183198,33.674199363658964,33.99611751439211,33.601150941107996,34.42056324524225,-3.8361630938537705,-3.962154554607411,-3.7142329763158215,0.0
jpeg,5,45.0,100,37.21829347120477,36.88961891278202,37.559869795674466,33.4290502567797,33.016204911791974,33.85797739497063,34.56186695575304,34.09336926352289,35.03776436136137,-3.7892432144250665,-4.01669996642254,-3.5751887065389036,36.431738998008704,36.12898173993981,36.76230576332601,33.23439454961758,32.85880759889935,33.6479004013194,34.15223214956875,33.7725506263492,34.55649673995396,-3.1973444483911226,-3.3127219760597257,-3.0828954017970447,0.0
jpeg,6,35.0,100,36.512999341369664,36.20120555402891,36.83895183618218,33.459862629401535,33.07058913815569,33.8631759421355,34.96718304118044,34.518352079056214,35.41419756764207,-3.0531367119681287,-3.2578075054184725,-2.855370834183598,35.66914044815809,35.376028172384785,35.98366417494004,33.16281945687804,32.807677262744804,33.55435628190614,34.337622423055706,33.97784388437016,34.72293545026001,-2.5063209912800444,-2.6105420232099275,-2.401745061843982,0.0
jpeg,7,25.0,100,35.53635231253793,35.25277092719428,35.83698665209804,33.386456612764896,33.03347029318038,33.75015584044155,35.55796192930148,35.11875031210491,35.99487255324878,-2.1498956997730323,-2.3397230441917336,-1.9707104658121724,34.57204138081457,34.31071109343341,34.85491590231644,32.910417014558845,32.592444407713046,33.249012386557666,34.51147838951506,34.19032116470852,34.848366307109394,-1.6616243662557266,-1.7610154617791354,-1.5658321554269892,0.0
jpeg,8,15.0,100,33.960657022385625,33.72206726730296,34.2021335194943,32.78071696256544,32.49168072250229,33.07372205114846,36.102613395847534,35.68467358510729,36.51365424176837,-1.1799400598201786,-1.326687855006338,-1.0417029575876935,32.73215177362588,32.51951075883075,32.95480473342806,31.956899966390726,31.711856054625464,32.22128248065918,34.285370720672354,34.00351802268162,34.582432446630925,-0.7752518072351574,-0.8478084745127568,-0.7061957396064655,0.0
jpeg,9,5.0,100,29.615210949166112,29.500239506233964,29.733677644294435,29.07020007598806,28.871307584961002,29.261074806806054,34.64529976044042,34.17280901592957,35.113983354953895,-0.5450108731780439,-0.6939526251003136,-0.4253798699336933,27.826787378142647,27.6866704650712,27.969576012506533,27.684596552905553,27.51508109793252,27.859309463737034,32.22603230758339,31.930973602917028,32.52815746245868,-0.14219082523709228,-0.21525933567096223,-0.08850268242642899,0.09
poisson,0,1.0,100,26.898346819339764,26.81597027456894,26.984056958912507,28.122751889330274,27.976713818428475,28.266650978802197,24.867162934724874,24.76304156589831,24.973479236083357,1.22440506999051,1.1186567016197326,1.32743191996948,27.463922697439312,27.318820292278193,27.597986817514833,28.359294712530392,28.171822002021635,28.561831570949153,25.245370781840332,25.091282102108625,25.398316864200076,0.8953720150910859,0.7742634507631292,1.0175304873127708,0.99
poisson,1,0.8944444444444445,100,26.40625450989563,26.323442228595344,26.49185327143036,27.79482065997234,27.65962663300296,27.929390166399784,24.473233095086247,24.371633629450724,24.57553839505042,1.38856615007672,1.287586220093861,1.4833988261259172,26.953962041255366,26.811889354311973,27.092811216829503,28.085501516284854,27.907852134076585,28.27914703151445,24.856219236323845,24.697655654664914,25.01314538655284,1.1315394750294905,1.0216522038699016,1.247028163870327,0.99
poisson,2,0.7888888888888889,100,25.865853704390037,25.78217698098806,25.951177970897728,27.50013955523356,27.373157444910415,27.630791894524737,24.046860570054115,23.94719655759449,24.145888981719704,1.634285850843523,1.5416509920058383,1.7242299971694697,26.408864308239284,26.267139186999305,26.541459936134245,27.791080260153457,27.6165113192436,27.975591493674237,24.426716891844524,24.27690269509469,24.575943185264613,1.3822159519141746,1.2768237059842205,1.4875286449429033,1.0
poisson,3,0.6833333333333333,100,25.24787151769257,25.166091387711592,25.333297356122927,27.11594997304607,26.991758855445113,27.23402349413237,23.533327656509798,23.437909882642586,23.627957432070424,1.8680784553534997,1.7833870575551058,1.9484436358233816,25.793486414197265,25.65076792774492,25.9261763640243,27.447333365485093,27.272344040892698,27.626861216754666,23.92759832676797,23.77383012025116,24.076771376182474,1.653846951287828,1.5533701878123296,1.7582838472100755,1.0
poisson,4,0.5777777777777777,100,24.526850543804052,24.445782085811512,24.61226576053167,26.6864349830132,26.572176325212414,26.797088289153624,22.937013941785835,22.845369573392414,23.0283669516,2.1595844392091474,2.0792382099186035,2.236603019405308,25.06102662099368,24.918951850327883,25.192050522479988,27.04279022369376,26.875092310089386,27.214729521148836,23.3461798252254,23.201148419262907,23.488963498049152,1.9817636027000747,1.8859052794000046,2.078564675011567,1.0
poisson,5,0.4722222222222222,100,23.66419051126976,23.582785155943892,23.74896723965957,26.179932398462828,26.06935566070841,26.283581247573622,22.216928832100685,22.128694075926838,22.305767476334225,2.5157418871930664,2.43656846027766,2.5851202218289133,24.189186932314396,24.046269602475935,24.3243110894831,26.553886630089117,26.387489500509087,26.728669011195493,22.62568746150389,22.476575593315864,22.76936337500429,2.3646996977747254,2.2664580364020264,2.462405120526426,1.0
poisson,6,0.3666666666666667,100,22.580961081044943,22.500707430561654,22.66574768222381,25.53548240519754,25.434710603205062,25.630334064623106,21.304949780911258,21.222067496145637,21.388486178938315,2.9545213241526027,2.879229501692004,3.024261041153889,23.093574835301602,22.95254591225795,23.225965441442238,25.961718127426106,25.80400192519352,26.125467072651933,21.70872907615032,21.566645987439742,21.848313394127334,2.868143292124503,2.773732167817682,2.9620056940956228,1.0
poisson,7,0.261111111111111,100,21.144328451449994,21.06689332398508,21.227580264877215,24.71654976126483,24.621422360811792,24.80660788983367,20.083353857403075,20.003116480647552,20.16296009181859,3.5722213098148314,3.4934734053674945,3.6449255653331467,21.61348855136491,21.473923804441156,21.74587912955151,25.171346851811126,25.013816058144553,25.32892525222163,20.48031663017822,20.34266394325512,20.61587949940824,3.5578583004462194,3.4623351572989023,3.64504779528911,1.0
poisson,8,0.1555555555555555,100,18.979385001776276,18.903206059991728,19.061068099412445,23.57018129906668,23.483578679556835,23.648861719797004,18.223485402825485,18.150216254596046,18.297217889486628,4.590796297290407,4.509667408707914,4.669601963097251,19.400461722778527,19.26041088743389,19.531860485243797,24.01063800784868,23.857589597634075,24.167822369854353,18.57993294170245,18.44099286402205,18.717089593856855,4.6101762850701515,4.515407075778186,4.70104989944884,1.0
poisson,9,0.05,100,14.454223283145122,14.386389751648647,14.525026993485142,21.095297860639626,20.960749354102983,21.20369201551666,14.15390072913428,14.077454791076065,14.225775122083574,6.64107457749451,6.509157070706642,6.76101039166287,14.65571943810859,14.542289533497216,14.766953837472393,21.463012127454977,21.28595724554648,21.61876252074566,14.302015452854636,14.186713109115052,14.414722584471184,6.8072926893463865,6.6595335587880875,6.935563618766534,1.0
