seed,run_a,run_d,degradation,level,param,model,dice_fg_mean,iou_fg_mean,dice_mean
42,2026-09-29_174404_e17_seed42_condition_a,2026-09-29_125023_e17_seed44_condition_d,none,0,,A,0.41884666681289673,0.3020552694797516,0.4418083131313324
42,2026-09-29_174404_e17_seed42_condition_a,2026-09-29_125023_e17_seed44_condition_d,none,0,,A*,0.41638439893722534,0.29923853278160095,0.43943989276885986
42,2026-09-29_174404_e17_seed42_condition_a,2026-09-29_125023_e17_seed44_condition_d,none,0,,D,0.420968234539032,0.3061410188674927,0.4438433051109314
42,2026-09-29_174404_e17_seed42_condition_a,2026-09-29_125023_e17_seed44_condition_d,poisson,0,1.0,A,0.3993535041809082,0.28394803404808044,0.4230654835700989
42,2026-09-29_174404_e17_seed42_condition_a,2026-09-29_125023_e17_seed44_condition_d,poisson,0,1.0,A*,0.3873017728328705,0.27370768785476685,0.41148602962493896
42,2026-09-29_174404_e17_seed42_condition_a,2026-09-29_125023_e17_seed44_condition_d,poisson,0,1.0,D,0.3834884762763977,0.27371567487716675,0.4078303575515747
42,2026-09-29_174404_e17_seed42_condition_a,2026-09-29_125023_e17_seed44_condition_d,poisson,3,0.6833333333333333,A,0.3889843821525574,0.2762400209903717,0.4130987823009491
42,2026-09-29_174404_e17_seed42_condition_a,2026-09-29_125023_e17_seed44_condition_d,poisson,3,0.6833333333333333,A*,0.37780365347862244,0.2655530571937561,0.4023534953594208
42,2026-09-29_174404_e17_seed42_condition_a,2026-09-29_125023_e17_seed44_condition_d,poisson,3,0.6833333333333333,D,0.3756101131439209,0.2658883333206177,0.40025168657302856
42,2026-09-29_174404_e17_seed42_condition_a,2026-09-29_125023_e17_seed44_condition_d,poisson,6,0.3666666666666667,A,0.3507571220397949,0.24380747973918915,0.37636321783065796
42,2026-09-29_174404_e17_seed42_condition_a,2026-09-29_125023_e17_seed44_condition_d,poisson,6,0.3666666666666667,A*,0.3213441073894501,0.2181227207183838,0.3480989336967468
42,2026-09-29_174404_e17_seed42_condition_a,2026-09-29_125023_e17_seed44_condition_d,poisson,6,0.3666666666666667,D,0.3441726565361023,0.2383720576763153,0.37003886699676514
42,2026-09-29_174404_e17_seed42_condition_a,2026-09-29_125023_e17_seed44_condition_d,poisson,9,0.05,A,0.01550423726439476,0.008017852902412415,0.05421559512615204
42,2026-09-29_174404_e17_seed42_condition_a,2026-09-29_125023_e17_seed44_condition_d,poisson,9,0.05,A*,0.04363177344202995,0.02405749261379242,0.08124857395887375
42,2026-09-29_174404_e17_seed42_condition_a,2026-09-29_125023_e17_seed44_condition_d,poisson,9,0.05,D,0.07917539775371552,0.04393772408366203,0.11538873612880707
42,2026-09-29_174404_e17_seed42_condition_a,2026-09-29_125023_e17_seed44_condition_d,jpeg,0,95.0,A,0.41933560371398926,0.30232876539230347,0.442277729511261
42,2026-09-29_174404_e17_seed42_condition_a,2026-09-29_125023_e17_seed44_condition_d,jpeg,0,95.0,A*,0.416292667388916,0.2992370128631592,0.4393516778945923
42,2026-09-29_174404_e17_seed42_condition_a,2026-09-29_125023_e17_seed44_condition_d,jpeg,0,95.0,D,0.42074650526046753,0.30587124824523926,0.44362950325012207
42,2026-09-29_174404_e17_seed42_condition_a,2026-09-29_125023_e17_seed44_condition_d,jpeg,3,65.0,A,0.41717275977134705,0.3000679910182953,0.44019779562950134
42,2026-09-29_174404_e17_seed42_condition_a,2026-09-29_125023_e17_seed44_condition_d,jpeg,3,65.0,A*,0.41118165850639343,0.29440271854400635,0.4344412088394165
42,2026-09-29_174404_e17_seed42_condition_a,2026-09-29_125023_e17_seed44_condition_d,jpeg,3,65.0,D,0.4177699089050293,0.3025929033756256,0.4407724142074585
42,2026-09-29_174404_e17_seed42_condition_a,2026-09-29_125023_e17_seed44_condition_d,jpeg,6,35.0,A,0.408130019903183,0.2926527261734009,0.43150776624679565
42,2026-09-29_174404_e17_seed42_condition_a,2026-09-29_125023_e17_seed44_condition_d,jpeg,6,35.0,A*,0.40680527687072754,0.2907785475254059,0.43023204803466797
42,2026-09-29_174404_e17_seed42_condition_a,2026-09-29_125023_e17_seed44_condition_d,jpeg,6,35.0,D,0.41184553503990173,0.297481507062912,0.43507784605026245
42,2026-09-29_174404_e17_seed42_condition_a,2026-09-29_125023_e17_seed44_condition_d,jpeg,9,5.0,A,0.04382355511188507,0.024120446294546127,0.08143138140439987
42,2026-09-29_174404_e17_seed42_condition_a,2026-09-29_125023_e17_seed44_condition_d,jpeg,9,5.0,A*,0.08777137845754623,0.0501997135579586,0.12365828454494476
42,2026-09-29_174404_e17_seed42_condition_a,2026-09-29_125023_e17_seed44_condition_d,jpeg,9,5.0,D,0.11537536233663559,0.06806238740682602,0.15008631348609924
42,2026-09-29_174404_e17_seed42_condition_a,2026-09-29_125023_e17_seed44_condition_d,blur,0,1.0,A,0.41884666681289673,0.3020552694797516,0.4418083131313324
42,2026-09-29_174404_e17_seed42_condition_a,2026-09-29_125023_e17_seed44_condition_d,blur,0,1.0,A*,0.41638439893722534,0.29923853278160095,0.43943989276885986
42,2026-09-29_174404_e17_seed42_condition_a,2026-09-29_125023_e17_seed44_condition_d,blur,0,1.0,D,0.420968234539032,0.3061410188674927,0.4438433051109314
42,2026-09-29_174404_e17_seed42_condition_a,2026-09-29_125023_e17_seed44_condition_d,blur,3,11.0,A,0.3686162829399109,0.2576088011264801,0.3935524523258209
42,2026-09-29_174404_e17_seed42_condition_a,2026-09-29_125023_e17_seed44_condition_d,blur,3,11.0,A*,0.37317198514938354,0.26157188415527344,0.3979288637638092
42,2026-09-29_174404_e17_seed42_condition_a,2026-09-29_125023_e17_seed44_condition_d,blur,3,11.0,D,0.384957879781723,0.2745451331138611,0.4092479348182678
42,2026-09-29_174404_e17_seed42_condition_a,2026-09-29_125023_e17_seed44_condition_d,blur,6,21.0,A,0.30335405468940735,0.20861439406871796,0.33084309101104736
42,2026-09-29_174404_e17_seed42_condition_a,2026-09-29_125023_e17_seed44_condition_d,blur,6,21.0,A*,0.3135436773300171,0.21603302657604218,0.3406316637992859
42,2026-09-29_174404_e17_seed42_condition_a,2026-09-29_125023_e17_seed44_condition_d,blur,6,21.0,D,0.2752092778682709,0.18703143298625946,0.30380189418792725
42,2026-09-29_174404_e17_seed42_condition_a,2026-09-29_125023_e17_seed44_condition_d,blur,9,31.0,A,0.2224999964237213,0.1462816596031189,0.25312507152557373
42,2026-09-29_174404_e17_seed42_condition_a,2026-09-29_125023_e17_seed44_condition_d,blur,9,31.0,A*,0.2287924587726593,0.15081149339675903,0.25917288661003113
42,2026-09-29_174404_e17_seed42_condition_a,2026-09-29_125023_e17_seed44_condition_d,blur,9,31.0,D,0.1716645210981369,0.10845243185758591,0.204293355345726
43,2026-09-29_180544_e17_seed43_condition_a,2026-09-29_125024_e17_seed42_condition_d,none,0,,A,0.435185045003891,0.3136705160140991,0.45748981833457947
43,2026-09-29_180544_e17_seed43_condition_a,2026-09-29_125024_e17_seed42_condition_d,none,0,,A*,0.4330281615257263,0.3113510310649872,0.4554157853126526
43,2026-09-29_180544_e17_seed43_condition_a,2026-09-29_125024_e17_seed42_condition_d,none,0,,D,0.4374067485332489,0.3138694763183594,0.4596298933029175
43,2026-09-29_180544_e17_seed43_condition_a,2026-09-29_125024_e17_seed42_condition_d,poisson,0,1.0,A,0.4104261100292206,0.291970431804657,0.4336983263492584
43,2026-09-29_180544_e17_seed43_condition_a,2026-09-29_125024_e17_seed42_condition_d,poisson,0,1.0,A*,0.3871005177497864,0.27038300037384033,0.4112876057624817
43,2026-09-29_180544_e17_seed43_condition_a,2026-09-29_125024_e17_seed42_condition_d,poisson,0,1.0,D,0.4079890251159668,0.28756752610206604,0.4313561022281647
43,2026-09-29_180544_e17_seed43_condition_a,2026-09-29_125024_e17_seed42_condition_d,poisson,3,0.6833333333333333,A,0.3910413682460785,0.27498406171798706,0.41507214307785034
43,2026-09-29_180544_e17_seed43_condition_a,2026-09-29_125024_e17_seed42_condition_d,poisson,3,0.6833333333333333,A*,0.36250364780426025,0.24929699301719666,0.3876565098762512
43,2026-09-29_180544_e17_seed43_condition_a,2026-09-29_125024_e17_seed42_condition_d,poisson,3,0.6833333333333333,D,0.38667067885398865,0.27181366086006165,0.4108796715736389
43,2026-09-29_180544_e17_seed43_condition_a,2026-09-29_125024_e17_seed42_condition_d,poisson,6,0.3666666666666667,A,0.34591278433799744,0.23664109408855438,0.3717091977596283
43,2026-09-29_180544_e17_seed43_condition_a,2026-09-29_125024_e17_seed42_condition_d,poisson,6,0.3666666666666667,A*,0.30670464038848877,0.2021413892507553,0.33403849601745605
43,2026-09-29_180544_e17_seed43_condition_a,2026-09-29_125024_e17_seed42_condition_d,poisson,6,0.3666666666666667,D,0.3477972447872162,0.2391127347946167,0.37352555990219116
43,2026-09-29_180544_e17_seed43_condition_a,2026-09-29_125024_e17_seed42_condition_d,poisson,9,0.05,A,0.035169001668691635,0.019275398924946785,0.07311972975730896
43,2026-09-29_180544_e17_seed43_condition_a,2026-09-29_125024_e17_seed42_condition_d,poisson,9,0.05,A*,0.01951456069946289,0.010108251124620438,0.05807491019368172
43,2026-09-29_180544_e17_seed43_condition_a,2026-09-29_125024_e17_seed42_condition_d,poisson,9,0.05,D,0.08523901551961899,0.04946361109614372,0.12123238295316696
43,2026-09-29_180544_e17_seed43_condition_a,2026-09-29_125024_e17_seed42_condition_d,jpeg,0,95.0,A,0.4359908998012543,0.31409502029418945,0.4582635164260864
43,2026-09-29_180544_e17_seed43_condition_a,2026-09-29_125024_e17_seed42_condition_d,jpeg,0,95.0,A*,0.43584442138671875,0.31347405910491943,0.4581187963485718
43,2026-09-29_180544_e17_seed43_condition_a,2026-09-29_125024_e17_seed42_condition_d,jpeg,0,95.0,D,0.43823108077049255,0.3145718276500702,0.4604215621948242
43,2026-09-29_180544_e17_seed43_condition_a,2026-09-29_125024_e17_seed42_condition_d,jpeg,3,65.0,A,0.43265625834465027,0.31089794635772705,0.455059289932251
43,2026-09-29_180544_e17_seed43_condition_a,2026-09-29_125024_e17_seed42_condition_d,jpeg,3,65.0,A*,0.4293460249900818,0.30776938796043396,0.4518776535987854
43,2026-09-29_180544_e17_seed43_condition_a,2026-09-29_125024_e17_seed42_condition_d,jpeg,3,65.0,D,0.43452760577201843,0.3111416697502136,0.45686453580856323
43,2026-09-29_180544_e17_seed43_condition_a,2026-09-29_125024_e17_seed42_condition_d,jpeg,6,35.0,A,0.4258542060852051,0.30344799160957336,0.4485172629356384
43,2026-09-29_180544_e17_seed43_condition_a,2026-09-29_125024_e17_seed42_condition_d,jpeg,6,35.0,A*,0.42528998851776123,0.3027383089065552,0.4479753375053406
43,2026-09-29_180544_e17_seed43_condition_a,2026-09-29_125024_e17_seed42_condition_d,jpeg,6,35.0,D,0.42953380942344666,0.30734097957611084,0.452065646648407
43,2026-09-29_180544_e17_seed43_condition_a,2026-09-29_125024_e17_seed42_condition_d,jpeg,9,5.0,A,0.01448590587824583,0.007750832941383123,0.053238395601511
43,2026-09-29_180544_e17_seed43_condition_a,2026-09-29_125024_e17_seed42_condition_d,jpeg,9,5.0,A*,0.05203922837972641,0.028973426669836044,0.0893242359161377
43,2026-09-29_180544_e17_seed43_condition_a,2026-09-29_125024_e17_seed42_condition_d,jpeg,9,5.0,D,0.152787446975708,0.09447923302650452,0.186132550239563
43,2026-09-29_180544_e17_seed43_condition_a,2026-09-29_125024_e17_seed42_condition_d,blur,0,1.0,A,0.435185045003891,0.3136705160140991,0.45748981833457947
43,2026-09-29_180544_e17_seed43_condition_a,2026-09-29_125024_e17_seed42_condition_d,blur,0,1.0,A*,0.4330281615257263,0.3113510310649872,0.4554157853126526
43,2026-09-29_180544_e17_seed43_condition_a,2026-09-29_125024_e17_seed42_condition_d,blur,0,1.0,D,0.4374067485332489,0.3138694763183594,0.4596298933029175
43,2026-09-29_180544_e17_seed43_condition_a,2026-09-29_125024_e17_seed42_condition_d,blur,3,11.0,A,0.39435696601867676,0.2800064980983734,0.41826313734054565
43,2026-09-29_180544_e17_seed43_condition_a,2026-09-29_125024_e17_seed42_condition_d,blur,3,11.0,A*,0.3968692719936371,0.2813977599143982,0.42067477107048035
43,2026-09-29_180544_e17_seed43_condition_a,2026-09-29_125024_e17_seed42_condition_d,blur,3,11.0,D,0.40789711475372314,0.28620314598083496,0.4312724173069
43,2026-09-29_180544_e17_seed43_condition_a,2026-09-29_125024_e17_seed42_condition_d,blur,6,21.0,A,0.3125532567501068,0.21271781623363495,0.33965516090393066
43,2026-09-29_180544_e17_seed43_condition_a,2026-09-29_125024_e17_seed42_condition_d,blur,6,21.0,A*,0.3143548369407654,0.21420937776565552,0.3413856029510498
43,2026-09-29_180544_e17_seed43_condition_a,2026-09-29_125024_e17_seed42_condition_d,blur,6,21.0,D,0.2981072664260864,0.2007887065410614,0.32579776644706726
43,2026-09-29_180544_e17_seed43_condition_a,2026-09-29_125024_e17_seed42_condition_d,blur,9,31.0,A,0.18836989998817444,0.11934711784124374,0.2203179895877838
43,2026-09-29_180544_e17_seed43_condition_a,2026-09-29_125024_e17_seed42_condition_d,blur,9,31.0,A*,0.18967905640602112,0.12031473964452744,0.22157825529575348
43,2026-09-29_180544_e17_seed43_condition_a,2026-09-29_125024_e17_seed42_condition_d,blur,9,31.0,D,0.17981164157390594,0.11431168019771576,0.21213147044181824
44,2026-09-29_182911_e17_seed44_condition_a,2026-09-29_125024_e17_seed43_condition_d,none,0,,A,0.42877763509750366,0.31020480394363403,0.45134425163269043
44,2026-09-29_182911_e17_seed44_condition_a,2026-09-29_125024_e17_seed43_condition_d,none,0,,A*,0.42279720306396484,0.30483150482177734,0.4455980062484741
44,2026-09-29_182911_e17_seed44_condition_a,2026-09-29_125024_e17_seed43_condition_d,none,0,,D,0.4237470030784607,0.30547916889190674,0.4465080797672272
44,2026-09-29_182911_e17_seed44_condition_a,2026-09-29_125024_e17_seed43_condition_d,poisson,0,1.0,A,0.40481266379356384,0.2876824140548706,0.4283106029033661
44,2026-09-29_182911_e17_seed44_condition_a,2026-09-29_125024_e17_seed43_condition_d,poisson,0,1.0,A*,0.3891323506832123,0.2730535864830017,0.41324383020401
44,2026-09-29_182911_e17_seed44_condition_a,2026-09-29_125024_e17_seed43_condition_d,poisson,0,1.0,D,0.39302217960357666,0.27874088287353516,0.4169788360595703
44,2026-09-29_182911_e17_seed44_condition_a,2026-09-29_125024_e17_seed43_condition_d,poisson,3,0.6833333333333333,A,0.3904263377189636,0.27372223138809204,0.41448289155960083
44,2026-09-29_182911_e17_seed44_condition_a,2026-09-29_125024_e17_seed43_condition_d,poisson,3,0.6833333333333333,A*,0.37636834383010864,0.2623031735420227,0.40096938610076904
44,2026-09-29_182911_e17_seed44_condition_a,2026-09-29_125024_e17_seed43_condition_d,poisson,3,0.6833333333333333,D,0.3757030665874481,0.26543664932250977,0.40033844113349915
44,2026-09-29_182911_e17_seed44_condition_a,2026-09-29_125024_e17_seed43_condition_d,poisson,6,0.3666666666666667,A,0.3570129871368408,0.2444174736738205,0.3823694586753845
44,2026-09-29_182911_e17_seed44_condition_a,2026-09-29_125024_e17_seed43_condition_d,poisson,6,0.3666666666666667,A*,0.3237970173358917,0.2169514149427414,0.3504551351070404
44,2026-09-29_182911_e17_seed44_condition_a,2026-09-29_125024_e17_seed43_condition_d,poisson,6,0.3666666666666667,D,0.3378269672393799,0.23155157268047333,0.36393797397613525
44,2026-09-29_182911_e17_seed44_condition_a,2026-09-29_125024_e17_seed43_condition_d,poisson,9,0.05,A,0.018229585140943527,0.009362815879285336,0.056847166270017624
44,2026-09-29_182911_e17_seed44_condition_a,2026-09-29_125024_e17_seed43_condition_d,poisson,9,0.05,A*,0.05247138440608978,0.02837824635207653,0.0897388905286789
44,2026-09-29_182911_e17_seed44_condition_a,2026-09-29_125024_e17_seed43_condition_d,poisson,9,0.05,D,0.0763661116361618,0.04360805079340935,0.11269915848970413
44,2026-09-29_182911_e17_seed44_condition_a,2026-09-29_125024_e17_seed43_condition_d,jpeg,0,95.0,A,0.4287192225456238,0.30994340777397156,0.45128777623176575
44,2026-09-29_182911_e17_seed44_condition_a,2026-09-29_125024_e17_seed43_condition_d,jpeg,0,95.0,A*,0.4232123792171478,0.30474042892456055,0.4459959864616394
44,2026-09-29_182911_e17_seed44_condition_a,2026-09-29_125024_e17_seed43_condition_d,jpeg,0,95.0,D,0.4227961003780365,0.30502718687057495,0.4455949664115906
44,2026-09-29_182911_e17_seed44_condition_a,2026-09-29_125024_e17_seed43_condition_d,jpeg,3,65.0,A,0.4222847819328308,0.30384358763694763,0.4451062083244324
44,2026-09-29_182911_e17_seed44_condition_a,2026-09-29_125024_e17_seed43_condition_d,jpeg,3,65.0,A*,0.4174036383628845,0.30029213428497314,0.44041693210601807
44,2026-09-29_182911_e17_seed44_condition_a,2026-09-29_125024_e17_seed43_condition_d,jpeg,3,65.0,D,0.4206938147544861,0.30206289887428284,0.4435725212097168
44,2026-09-29_182911_e17_seed44_condition_a,2026-09-29_125024_e17_seed43_condition_d,jpeg,6,35.0,A,0.4095834195613861,0.2928459048271179,0.43290162086486816
44,2026-09-29_182911_e17_seed44_condition_a,2026-09-29_125024_e17_seed43_condition_d,jpeg,6,35.0,A*,0.4184105396270752,0.2996864318847656,0.44137537479400635
44,2026-09-29_182911_e17_seed44_condition_a,2026-09-29_125024_e17_seed43_condition_d,jpeg,6,35.0,D,0.41840219497680664,0.3002127408981323,0.4413687288761139
44,2026-09-29_182911_e17_seed44_condition_a,2026-09-29_125024_e17_seed43_condition_d,jpeg,9,5.0,A,0.03635064885020256,0.019872302189469337,0.07425826787948608
44,2026-09-29_182911_e17_seed44_condition_a,2026-09-29_125024_e17_seed43_condition_d,jpeg,9,5.0,A*,0.07768941670656204,0.04382162541151047,0.11399350315332413
44,2026-09-29_182911_e17_seed44_condition_a,2026-09-29_125024_e17_seed43_condition_d,jpeg,9,5.0,D,0.14398866891860962,0.08811914920806885,0.17768864333629608
44,2026-09-29_182911_e17_seed44_condition_a,2026-09-29_125024_e17_seed43_condition_d,blur,0,1.0,A,0.42877763509750366,0.31020480394363403,0.45134425163269043
44,2026-09-29_182911_e17_seed44_condition_a,2026-09-29_125024_e17_seed43_condition_d,blur,0,1.0,A*,0.42279720306396484,0.30483150482177734,0.4455980062484741
44,2026-09-29_182911_e17_seed44_condition_a,2026-09-29_125024_e17_seed43_condition_d,blur,0,1.0,D,0.4237470030784607,0.30547916889190674,0.4465080797672272
44,2026-09-29_182911_e17_seed44_condition_a,2026-09-29_125024_e17_seed43_condition_d,blur,3,11.0,A,0.4071703851222992,0.2889346778392792,0.43056997656822205
44,2026-09-29_182911_e17_seed44_condition_a,2026-09-29_125024_e17_seed43_condition_d,blur,3,11.0,A*,0.4109659194946289,0.2914884090423584,0.43421220779418945
44,2026-09-29_182911_e17_seed44_condition_a,2026-09-29_125024_e17_seed43_condition_d,blur,3,11.0,D,0.3853938579559326,0.2749953866004944,0.40965956449508667
44,2026-09-29_182911_e17_seed44_condition_a,2026-09-29_125024_e17_seed43_condition_d,blur,6,21.0,A,0.32501405477523804,0.22078418731689453,0.35161396861076355
44,2026-09-29_182911_e17_seed44_condition_a,2026-09-29_125024_e17_seed43_condition_d,blur,6,21.0,A*,0.3343495726585388,0.22714892029762268,0.36057841777801514
44,2026-09-29_182911_e17_seed44_condition_a,2026-09-29_125024_e17_seed43_condition_d,blur,6,21.0,D,0.2905935049057007,0.201013445854187,0.3185773491859436
44,2026-09-29_182911_e17_seed44_condition_a,2026-09-29_125024_e17_seed43_condition_d,blur,9,31.0,A,0.20830902457237244,0.13293378055095673,0.23948657512664795
44,2026-09-29_182911_e17_seed44_condition_a,2026-09-29_125024_e17_seed43_condition_d,blur,9,31.0,A*,0.21207454800605774,0.1359243392944336,0.24310505390167236
44,2026-09-29_182911_e17_seed44_condition_a,2026-09-29_125024_e17_seed43_condition_d,blur,9,31.0,D,0.19053375720977783,0.12538129091262817,0.22241708636283875
