degradation,level,cls,method,contrast_kept,noise
blur,0,all,degraded,1.0,0.09729604552078241
blur,0,all,gauss5,0.9686582071466048,0.09536347155793547
blur,0,all,median5,0.9496648324220363,0.09515099507738753
blur,0,all,medvae,0.9928621391510652,0.09787137635052204
blur,0,thick,degraded,1.0,0.08052549415975355
blur,0,thick,gauss5,0.9969796281559394,0.07775750117550864
blur,0,thick,median5,0.993935817370913,0.07746196408314547
blur,0,thick,medvae,0.9935632722995907,0.08066471252590418
blur,0,thin,degraded,1.0,0.08840243624476889
blur,0,thin,gauss5,0.8569773297528936,0.08611540487611774
blur,0,thin,median5,0.7931672701241687,0.08576559602497165
blur,0,thin,medvae,0.9711791515911012,0.08889713006404538
blur,1,all,degraded,0.9686582071466048,0.09536347155793547
blur,1,all,gauss5,0.9373713774784135,0.09472119462867211
blur,1,all,median5,0.9257689264104316,0.09464636870831093
blur,1,all,medvae,0.9708384383327652,0.09652834564447403
blur,1,thick,degraded,0.9969796281559394,0.07775750117550864
blur,1,thick,gauss5,0.9907052846204272,0.07674826913858868
blur,1,thick,median5,0.987321604022553,0.07665428575489233
blur,1,thick,medvae,0.9959688677632589,0.07863698069006204
blur,1,thin,degraded,0.8569773297528936,0.08611540487611774
blur,1,thin,gauss5,0.754308461092939,0.08539224915330024
blur,1,thin,median5,0.726203588570749,0.08530517385100367
blur,1,thin,medvae,0.8563547494194097,0.08717107652531315
blur,2,all,degraded,0.9143890682295951,0.09435903684444497
blur,2,all,gauss5,0.8853335056875267,0.0939573794220902
blur,2,all,median5,0.8773107763384427,0.09393942595186333
blur,2,all,medvae,0.9277955543239856,0.09609628535807133
blur,2,thick,degraded,0.9849947020093477,0.07617491452655997
blur,2,thick,gauss5,0.9752088615370518,0.07554899322177167
blur,2,thick,median5,0.9716126335016557,0.07552177244813703
blur,2,thick,medvae,0.9982718879841899,0.07753080138936638
blur,2,thin,degraded,0.6913916033039377,0.08499984764456985
blur,2,thin,gauss5,0.6244960861469212,0.08458236524268124
blur,2,thin,median5,0.6087581979248472,0.08456314696121935
blur,2,thin,medvae,0.705535782173717,0.08658759443399806
blur,3,all,degraded,0.8840712618299534,0.09393979464269943
blur,3,all,gauss5,0.8568532083464544,0.09359497320333288
blur,3,all,median5,0.8498966307617466,0.09358683425213461
blur,3,all,medvae,0.9001289635040056,0.09584840789437293
blur,3,thick,degraded,0.9749723007377288,0.0755199902667751
blur,3,thick,gauss5,0.9635044929011491,0.07498620188004869
blur,3,thick,median5,0.9601142537502401,0.07497388017296865
blur,3,thick,medvae,0.9909157232927187,0.07699805226176977
blur,3,thin,degraded,0.619820426210325,0.08456068687077962
blur,3,thin,gauss5,0.5644836718184486,0.08421160965769614
blur,3,thin,median5,0.5527611667027478,0.08420208501898539
blur,3,thin,medvae,0.6355676928636589,0.0862972229369916
blur,4,all,degraded,0.8122375086271156,0.09305967235504763
blur,4,all,gauss5,0.7895187045906272,0.09279489405410793
blur,4,all,median5,0.7841077623490256,0.09280360035431828
blur,4,all,medvae,0.831530683425007,0.09529016803950072
blur,4,thick,degraded,0.9400146904659797,0.0741734434403908
blur,4,thick,gauss5,0.9264542737101266,0.07378482899256106
blur,4,thick,median5,0.9229638914280487,0.07378123480267809
blur,4,thick,medvae,0.9603774296691745,0.07588788900524378
blur,4,thin,degraded,0.48737962441194793,0.08367059123770569
blur,4,thin,gauss5,0.45291921574630417,0.08341650457752453
blur,4,thin,median5,0.44189935036429745,0.0834240341127302
blur,4,thin,medvae,0.4998804743894269,0.08567712568522741
blur,5,all,degraded,0.7362250314125989,0.09219331561476066
blur,5,all,gauss5,0.7182755841765666,0.09198345471554621
blur,5,all,median5,0.7137839725152242,0.09199714680947096
blur,5,all,medvae,0.756410495828074,0.09471169259399176
blur,5,thick,degraded,0.8895706513216338,0.07291005912412875
blur,5,thick,gauss5,0.8755775921426688,0.07261888226977611
blur,5,thick,median5,0.8721776986913753,0.07262166823024899
blur,5,thick,medvae,0.9127254885933825,0.0748463823273778
blur,5,thin,degraded,0.37083848509857154,0.08282552202650191
blur,5,thin,gauss5,0.3478513325565075,0.08263372517017188
blur,5,thin,median5,0.34018960319094593,0.08264233374096551
blur,5,thin,medvae,0.37923628742000504,0.08506212587235495
blur,6,all,degraded,0.7000762200977012,0.09178391424571446
blur,6,all,gauss5,0.6842572874243406,0.09159715171567763
blur,6,all,median5,0.6798250732355039,0.09161146070022806
blur,6,all,medvae,0.7199008314090914,0.09438927728682757
blur,6,thick,degraded,0.8602949253610391,0.07234757898363538
blur,6,thick,gauss5,0.8469846332103511,0.07209391297732372
blur,6,thick,median5,0.8434503458720326,0.0720961779364319
blur,6,thick,medvae,0.8839377795027943,0.07435410734266043
blur,6,thin,degraded,0.3226342687402258,0.08243156204519134
blur,6,thin,gauss5,0.30376835250587225,0.08226259678671148
blur,6,thin,median5,0.2967852634587914,0.08227281587693551
blur,6,thin,medvae,0.3317471450326535,0.0847269372898154
blur,7,all,degraded,0.6260741283753571,0.09096223546613899
blur,7,all,gauss5,0.6142696734172874,0.090812426570021
blur,7,all,median5,0.6101441643731857,0.09082707837549943
blur,7,all,medvae,0.6440929822380338,0.09365831281989813
blur,7,thick,degraded,0.795814557237918,0.07124434770877194
blur,7,thick,gauss5,0.7839058969093544,0.07104947744544526
blur,7,thick,median5,0.7804279530701088,0.07105326273534676
blur,7,thick,medvae,0.8186990783592644,0.07334040898829698
blur,7,thin,degraded,0.22966361501055835,0.08165869145278974
blur,7,thin,gauss5,0.2167980785725627,0.08152995356608093
blur,7,thin,median5,0.2104714583789249,0.0815368840052113
blur,7,thin,medvae,0.23255010017612288,0.08402401241861905
blur,8,all,degraded,0.557582239598099,0.0901578188538187
blur,8,all,gauss5,0.5489239855562094,0.09003957002923796
blur,8,all,median5,0.5451100396335044,0.0900507197169563
blur,8,all,medvae,0.5728313761974164,0.092807308845222
blur,8,thick,degraded,0.7280396203443409,0.07021533121183621
blur,8,thick,gauss5,0.7181196234435631,0.07006174853402579
blur,8,thick,median5,0.7145502635222504,0.07006341712988806
blur,8,thick,medvae,0.7484730619818342,0.07229634189978242
blur,8,thin,degraded,0.14907585600389442,0.08092062576008896
blur,8,thin,gauss5,0.140626451859687,0.08082373675548699
blur,8,thin,median5,0.13597676079473933,0.08082382299600473
blur,8,thin,medvae,0.14767056934840248,0.08324477189065267
blur,9,all,degraded,0.527281343208132,0.08981801204804642
blur,9,all,gauss5,0.5199322395270385,0.08971161388962916
blur,9,all,median5,0.5162522249029822,0.08972067219423403
blur,9,all,medvae,0.5413653061663166,0.09243806466460228
blur,9,thick,degraded,0.697270889062743,0.06978763935561827
blur,9,thick,gauss5,0.688316570331675,0.06964947350287859
blur,9,thick,median5,0.6847065490592193,0.06964906428309947
blur,9,thick,medvae,0.7164698480350147,0.07184501569718123
blur,9,thin,degraded,0.11317742474204096,0.08060852606468319
blur,9,thin,gauss5,0.10754798414168176,0.08052287516370389
blur,9,thin,median5,0.10225837954497169,0.08052460041759456
blur,9,thin,medvae,0.11002843269776286,0.08290591950450714
jpeg,0,all,degraded,1.0005064489964584,0.09740174614933109
jpeg,0,all,gauss5,0.9692619267327025,0.095392756875173
jpeg,0,all,median5,0.9499733802875676,0.0951561583670939
jpeg,0,all,medvae,0.9935486477755763,0.09799799744039774
jpeg,0,thick,degraded,1.0003464748320183,0.08064412587794648
jpeg,0,thick,gauss5,0.9973300955766555,0.07778162657705931
jpeg,0,thick,median5,0.994376217737295,0.07744418648778857
jpeg,0,thick,medvae,0.9946825878193586,0.08080163992941379
jpeg,0,thin,degraded,0.9912062967749596,0.08853477211617733
jpeg,0,thin,gauss5,0.860293899963811,0.08614305153352202
jpeg,0,thin,median5,0.7913638466206706,0.08577647928784123
jpeg,0,thin,medvae,0.964582186067977,0.08903281010376911
jpeg,1,all,degraded,1.0010075203270568,0.09716945364107538
jpeg,1,all,gauss5,0.9691022929480863,0.09539933656545962
jpeg,1,all,median5,0.9508895330911833,0.0951546425280136
jpeg,1,all,medvae,0.9921160652286602,0.0978257803618908
jpeg,1,thick,degraded,1.0005886206952552,0.08035633333853492
jpeg,1,thick,gauss5,0.9972553065176238,0.07779272823751623
jpeg,1,thick,median5,0.9937265445041535,0.07745194893679569
jpeg,1,thick,medvae,0.9923672888152225,0.08061326272785664
jpeg,1,thin,degraded,1.0006780324559974,0.08824565388931838
jpeg,1,thin,gauss5,0.855593729294777,0.08615918978909574
jpeg,1,thin,median5,0.7993416366241058,0.08577223462544738
jpeg,1,thin,medvae,0.9674384467612179,0.08885384995179872
jpeg,2,all,degraded,1.0010501761488586,0.0970807844994147
jpeg,2,all,gauss5,0.9693340705576177,0.095416326710263
jpeg,2,all,median5,0.9510239960527991,0.09516410428618423
jpeg,2,all,medvae,0.9904873161101422,0.0977246779203415
jpeg,2,thick,degraded,1.0014684391328972,0.0802519904234999
jpeg,2,thick,gauss5,0.997569098537547,0.07782145861265917
jpeg,2,thick,median5,0.9938254150138254,0.07750052706472994
jpeg,2,thick,medvae,0.9903455148298316,0.08053409919142723
jpeg,2,thin,degraded,0.987329894995927,0.08813153122090578
jpeg,2,thin,gauss5,0.8517406444707917,0.0861730773196716
jpeg,2,thin,median5,0.7886155341481172,0.08581420455985662
jpeg,2,thin,medvae,0.9495196000637997,0.08870745434736212
jpeg,3,all,degraded,1.001109702752816,0.0970507128828856
jpeg,3,all,gauss5,0.9695270946912907,0.09543546060155504
jpeg,3,all,median5,0.9516425146664363,0.09517134092206396
jpeg,3,all,medvae,0.9900135263520425,0.09762224085628986
jpeg,3,thick,degraded,1.0017524258484836,0.08020058669929435
jpeg,3,thick,gauss5,0.9980758569421976,0.07783527680368607
jpeg,3,thick,median5,0.9941981087243665,0.0775024049499691
jpeg,3,thick,medvae,0.9895315323429162,0.08041254073381424
jpeg,3,thin,degraded,0.99764878685688,0.08808699432219602
jpeg,3,thin,gauss5,0.8607313271526293,0.08619758706014369
jpeg,3,thin,median5,0.7949554842429648,0.08580590837083091
jpeg,3,thin,medvae,0.9487574461182958,0.08860531441556911
jpeg,4,all,degraded,1.000739695773898,0.09698550634704507
jpeg,4,all,gauss5,0.9689214870515364,0.09542820872311401
jpeg,4,all,median5,0.9513178733937326,0.09516137502481349
jpeg,4,all,medvae,0.9875529155802618,0.09749546408653259
jpeg,4,thick,degraded,1.002033862075015,0.08011683586294958
jpeg,4,thick,gauss5,0.9974268397231532,0.07782715235473012
jpeg,4,thick,median5,0.9935591247370316,0.07747029241509305
jpeg,4,thick,medvae,0.9855635409174607,0.08031273871660233
jpeg,4,thin,degraded,0.9806013574398169,0.08805276612815914
jpeg,4,thin,gauss5,0.8474070354127172,0.08621335076560856
jpeg,4,thin,median5,0.7853836260997707,0.08581889077334708
jpeg,4,thin,medvae,0.9357100333023037,0.08852121839299798
jpeg,5,all,degraded,1.0006574031510416,0.09694808586696074
jpeg,5,all,gauss5,0.9686181780315511,0.09544969480329335
jpeg,5,all,median5,0.9512154010502243,0.09518060100843037
jpeg,5,all,medvae,0.9868581658230233,0.09740025598555803
jpeg,5,thick,degraded,1.001452505026534,0.08003017229293789
jpeg,5,thick,gauss5,0.9969404783961545,0.07781005217559767
jpeg,5,thick,median5,0.9931331653334452,0.07743860680877773
jpeg,5,thick,medvae,0.9853796829309303,0.08017286509275437
jpeg,5,thin,degraded,0.9855891306413928,0.08799550362279134
jpeg,5,thin,gauss5,0.8499959339911345,0.08623301373211915
jpeg,5,thin,median5,0.7961151563539134,0.08586878161175487
jpeg,5,thin,medvae,0.934233208389245,0.0883437319425866
jpeg,6,all,degraded,1.0019382358848268,0.09688496062724117
jpeg,6,all,gauss5,0.9692500404606987,0.09545913927711204
jpeg,6,all,median5,0.95178500153545,0.09518628880711802
jpeg,6,all,medvae,0.9875231492104642,0.09736667785793543
jpeg,6,thick,degraded,1.00316080670565,0.08000203691907984
jpeg,6,thick,gauss5,0.9981730229275506,0.07786813770107341
jpeg,6,thick,median5,0.994605218718436,0.07751310704586242
jpeg,6,thick,medvae,0.9845429959762356,0.08019708082079888
jpeg,6,thin,degraded,0.9773124447525358,0.08788593602067814
jpeg,6,thin,gauss5,0.8516244808084065,0.08622824378742718
jpeg,6,thin,median5,0.7985207524656976,0.08586115635607773
jpeg,6,thin,medvae,0.9444438120812837,0.08829577961781372
jpeg,7,all,degraded,1.001545243438443,0.09681086811870035
jpeg,7,all,gauss5,0.9681772412451336,0.09549471824161149
jpeg,7,all,median5,0.9509229250438406,0.09522899007481202
jpeg,7,all,medvae,0.9914822444335277,0.09741419181227684
jpeg,7,thick,degraded,1.0026471615541668,0.07997348581474908
jpeg,7,thick,gauss5,0.9977419441882158,0.07793790004604094
jpeg,7,thick,median5,0.9951275444695611,0.0775511900756705
jpeg,7,thick,medvae,0.9916314711331679,0.08021324377506972
jpeg,7,thin,degraded,0.9867586072165618,0.0877468209726555
jpeg,7,thin,gauss5,0.8563398401654619,0.08626620800333638
jpeg,7,thin,median5,0.7940397259277178,0.08594007988539278
jpeg,7,thin,medvae,0.972730515780178,0.08828872647912551
jpeg,8,all,degraded,0.9992873773735202,0.09679831951940777
jpeg,8,all,gauss5,0.965676866375302,0.09557116423513037
jpeg,8,all,median5,0.9455409644798572,0.0953545503608083
jpeg,8,all,medvae,0.995620138912471,0.09743650387972594
jpeg,8,thick,degraded,0.9999750645567209,0.08011668479918434
jpeg,8,thick,gauss5,0.9964201953181638,0.07815252109874493
jpeg,8,thick,median5,0.9933132410918769,0.07781980558441219
jpeg,8,thick,medvae,0.9997411097888732,0.08039807911962271
jpeg,8,thin,degraded,0.9709157813482818,0.08761256232245285
jpeg,8,thin,gauss5,0.8447211224308647,0.08622760298544975
jpeg,8,thin,median5,0.7923659128260825,0.08601529300237055
jpeg,8,thin,medvae,0.9296615075189049,0.08824577882963543
jpeg,9,all,degraded,0.9173692146048248,0.09860078184802762
jpeg,9,all,gauss5,0.889864025154738,0.09693475381711551
jpeg,9,all,median5,0.8662003540580615,0.0972168122074799
jpeg,9,all,medvae,0.9238499676252613,0.0997724188119173
jpeg,9,thick,degraded,0.9902343822619858,0.08245233643211769
jpeg,9,thick,gauss5,0.985779638868352,0.07976601129520815
jpeg,9,thick,median5,0.9727034106315533,0.08006917638776725
jpeg,9,thick,medvae,1.0012703516932573,0.08316679598763585
jpeg,9,thin,degraded,0.5565487182354397,0.08959297715657254
jpeg,9,thin,gauss5,0.4976913229107897,0.08777709034162066
jpeg,9,thin,median5,0.46422990701887784,0.08826868047646413
jpeg,9,thin,medvae,0.5707029234505611,0.09096434308836858
poisson,0,all,degraded,1.0003956830180558,0.10843960780617913
poisson,0,all,gauss5,0.9689387746205617,0.09621851804718508
poisson,0,all,median5,0.9409132781268981,0.09559686834467426
poisson,0,all,medvae,0.9917601315249809,0.10464080449193716
poisson,0,thick,degraded,0.9995171712173281,0.09416552803160522
poisson,0,thick,gauss5,0.9988667313882668,0.0788882448676856
poisson,0,thick,median5,0.992751552150442,0.07795999034157576
poisson,0,thick,medvae,1.011369109395575,0.08839222706854344
poisson,0,thin,degraded,1.0381052430889877,0.10077417262856088
poisson,0,thin,gauss5,0.8821205857584737,0.08700829919060593
poisson,0,thin,median5,0.7736191789665424,0.08619159167296446
poisson,0,thin,medvae,0.9419870879439257,0.09598592191468924
poisson,1,all,degraded,1.0006481940608396,0.10972303049821852
poisson,1,all,gauss5,0.9687354846143015,0.09640336284605511
poisson,1,all,median5,0.9420663125595494,0.09579866834318175
poisson,1,all,medvae,0.9921667836667041,0.10535973493009805
poisson,1,thick,degraded,1.005668382036333,0.09568995430369656
poisson,1,thick,gauss5,1.0008951833950186,0.07913724270846395
poisson,1,thick,median5,0.9954435409449295,0.07826092779723047
poisson,1,thick,medvae,1.0187157891239351,0.08928955093026161
poisson,1,thin,degraded,1.0126701056612915,0.10210680264705103
poisson,1,thin,gauss5,0.8465654034839728,0.08728163744880135
poisson,1,thin,median5,0.7324857748080736,0.08645638499236828
poisson,1,thin,medvae,0.9164582181961868,0.09686364388714234
poisson,2,all,degraded,0.9987861386194058,0.11131453555438185
poisson,2,all,gauss5,0.9681126942593358,0.09658333855834746
poisson,2,all,median5,0.9409184749653232,0.09591476504223698
poisson,2,all,medvae,0.9881749394253618,0.10612438272684813
poisson,2,thick,degraded,1.0002498760744798,0.09732926713991173
poisson,2,thick,gauss5,0.9945578653053514,0.07922397875295292
poisson,2,thick,median5,0.9926927732280049,0.07827026002236112
poisson,2,thick,medvae,1.0085132461839812,0.08989273332059383
poisson,2,thin,degraded,0.9879933431088639,0.10399795997770124
poisson,2,thin,gauss5,0.8768282828347002,0.08757515754781887
poisson,2,thin,median5,0.7779130489747134,0.08673693175313102
poisson,2,thin,medvae,0.9137029581302866,0.0977182531884561
poisson,3,all,degraded,0.9995075170977846,0.11321347859208082
poisson,3,all,gauss5,0.9679049226978875,0.09666692154345695
poisson,3,all,median5,0.9410709147831017,0.09599896120453273
poisson,3,all,medvae,0.9836418409952141,0.10694878339767457
poisson,3,thick,degraded,0.9991868668112437,0.09971321956586594
poisson,3,thick,gauss5,0.9963005262705313,0.07931706825194733
poisson,3,thick,median5,0.9945416295059217,0.07829321236933415
poisson,3,thick,medvae,1.0083083557365398,0.09094371385872364
poisson,3,thin,degraded,1.021347529581359,0.10609462828251548
poisson,3,thin,gauss5,0.8460026052064774,0.08770531127336982
poisson,3,thin,median5,0.7245744572451124,0.08686354671779388
poisson,3,thin,medvae,0.8463278752245903,0.09854254813399166
poisson,4,all,degraded,0.9986915932682184,0.11578176375594479
poisson,4,all,gauss5,0.9686376457493069,0.0969023440611037
poisson,4,all,median5,0.9406842676551312,0.09620256465895319
poisson,4,all,medvae,0.983732365554139,0.10799031116068364
poisson,4,thick,degraded,0.9977438142793256,0.10272043336557811
poisson,4,thick,gauss5,0.9989236770103892,0.07977516068353008
poisson,4,thick,median5,0.9952102752726,0.07874760022408213
poisson,4,thick,medvae,1.0108172313682982,0.09219277411699295
poisson,4,thin,degraded,0.9981926616084577,0.10870503731981823
poisson,4,thin,gauss5,0.8639961926428312,0.08792102022531308
poisson,4,thin,median5,0.7559513357676874,0.08706899356594272
poisson,4,thin,medvae,0.8893299588988444,0.0995641485011826
poisson,5,all,degraded,1.0035076421700706,0.1194720551238729
poisson,5,all,gauss5,0.9695313766881469,0.09725289322083124
poisson,5,all,median5,0.9398459285574748,0.09652090822679227
poisson,5,all,medvae,0.9821585445336828,0.10953842453658581
poisson,5,thick,degraded,0.9999543426096054,0.1068851351838307
poisson,5,thick,gauss5,0.9953923648363715,0.08023188376381335
poisson,5,thick,median5,0.9914717217974234,0.0790682840398435
poisson,5,thick,medvae,1.0095909016703282,0.09382147785276175
poisson,5,thin,degraded,0.9803438831587052,0.11267765066963249
poisson,5,thin,gauss5,0.8194959941724655,0.08838326002722141
poisson,5,thin,median5,0.697066390336767,0.08741110360642029
poisson,5,thin,medvae,0.8294644300394425,0.10132478216352563
poisson,6,all,degraded,0.9974669255388467,0.12485238325052192
poisson,6,all,gauss5,0.9673678760178663,0.09773740240774066
poisson,6,all,median5,0.9384512438278526,0.09702333045976458
poisson,6,all,medvae,0.9780007918323217,0.11152203753590584
poisson,6,thick,degraded,1.0014553997944473,0.11295361254797653
poisson,6,thick,gauss5,0.9982034169342594,0.08064643300831133
poisson,6,thick,median5,0.9922211013463433,0.07962295145318976
poisson,6,thick,medvae,1.0133409964571198,0.09588578809052706
poisson,6,thin,degraded,1.0165513801708856,0.1182387913504732
poisson,6,thin,gauss5,0.853018698613427,0.08890557055154219
poisson,6,thin,median5,0.7433880771697853,0.0879181450357649
poisson,6,thin,medvae,0.867460889907029,0.10334385407622904
poisson,7,all,degraded,0.9987448069625648,0.13402442835724807
poisson,7,all,gauss5,0.9678936243646398,0.09857744931642015
poisson,7,all,median5,0.9391500517966385,0.09799665909880602
poisson,7,all,medvae,0.9728473012727007,0.11449026465415954
poisson,7,thick,degraded,0.9994301111188939,0.12330666346736113
poisson,7,thick,gauss5,0.9989793845826348,0.08209238891716732
poisson,7,thick,median5,0.9920793022502791,0.08104797604805215
poisson,7,thick,medvae,1.01137885703702,0.09964204680174589
poisson,7,thin,degraded,0.9863448743024162,0.1279152344384967
poisson,7,thin,gauss5,0.8817504836352102,0.0898624680050199
poisson,7,thin,median5,0.7569581172358609,0.0891558731837943
poisson,7,thin,medvae,0.8499901283464831,0.10626621563763668
poisson,8,all,degraded,0.9934631140243811,0.15261210492083793
poisson,8,all,gauss5,0.9642395100584793,0.10021970102812164
poisson,8,all,median5,0.939017706703664,0.10005244546529188
poisson,8,all,medvae,0.9667147191029036,0.11921349085867405
poisson,8,thick,degraded,0.9899830385820452,0.1438595133996346
poisson,8,thick,gauss5,0.9905941607677115,0.0843421295937911
poisson,8,thick,median5,0.9895133328121959,0.08348846294254728
poisson,8,thick,medvae,1.0042088558060411,0.10503049790859223
poisson,8,thin,degraded,0.9447182151815672,0.14693635459193852
poisson,8,thin,gauss5,0.8421887327825613,0.09176406412346534
poisson,8,thin,median5,0.7273008097915622,0.09151109561228186
poisson,8,thin,medvae,0.7853356588443542,0.11129168296853702
poisson,9,all,degraded,0.9575319908800758,0.21737985391315034
poisson,9,all,gauss5,0.9252153515598888,0.10548822408840303
poisson,9,all,median5,0.9409462798706865,0.11140244108271016
poisson,9,all,medvae,0.939731685477125,0.13183075837790967
poisson,9,thick,degraded,0.9593658968724853,0.21259117827575263
poisson,9,thick,gauss5,0.9590691111873272,0.09240196836996292
poisson,9,thick,median5,0.9985415089757664,0.09713678249432588
poisson,9,thick,medvae,0.9919235949885252,0.1196306275576353
poisson,9,thin,degraded,1.3296728249065282,0.21340087969929064
poisson,9,thin,gauss5,0.9044102950370189,0.098728214410713
poisson,9,thin,median5,0.7262816665208202,0.10400404380445755
poisson,9,thin,medvae,0.684854257718715,0.12492496062380572
