degradation,level,cls,clean,degraded,gauss5,median5,medvae,medvae-degraded,medvae-degraded_ci,gauss5-degraded,gauss5-degraded_ci,medvae-gauss5,medvae-gauss5_ci,medvae-median5,medvae-median5_ci
blur,0,all,,1.1084055764117822,1.106570273644615,1.0890117431675392,1.0944272276491056,-0.013978348762676417,"[-0.02, -0.01]",-0.0018353027671669203,"[-0.01, +0.00]",-0.012143045995509496,"[-0.02, -0.01]",0.005415484481566499,"[-0.00, +0.01]"
blur,0,thick,,1.91372949899568,2.011704001964717,2.020156015913446,1.9023921366687135,-0.01133736232696656,"[-0.02, +0.00]",0.09797450296903681,"[+0.08, +0.12]",-0.10931186529600335,"[-0.13, -0.09]",-0.11776387924473251,"[-0.14, -0.09]"
blur,0,thin,,0.8785147261802773,0.8316318444584808,0.7896348414050448,0.8532085664245862,-0.02530615975569124,"[-0.03, -0.02]",-0.046882881721796554,"[-0.06, -0.03]",0.021576721966105317,"[+0.01, +0.03]",0.0635737250195413,"[+0.05, +0.08]"
blur,1,all,,1.106570273644615,1.0821644260557093,1.0706425014221914,1.094300263915935,-0.012270009728680005,"[-0.02, -0.01]",-0.024405847588905728,"[-0.03, -0.02]",0.012135837860225727,"[+0.01, +0.02]",0.023657762493743587,"[+0.02, +0.03]"
blur,1,thick,,2.011704001964717,2.0370461670811406,2.0359345992228115,1.9882277965909094,-0.023476205373807523,"[-0.03, -0.01]",0.025342165116423798,"[+0.02, +0.03]",-0.04881837049023132,"[-0.06, -0.04]",-0.04770680263190202,"[-0.06, -0.04]"
blur,1,thin,,0.8316318444584808,0.7729320370006687,0.7516357781658147,0.817298452653198,-0.014333391805282723,"[-0.02, -0.01]",-0.05869980745781206,"[-0.07, -0.05]",0.044366415652529335,"[+0.04, +0.05]",0.06566267448738337,"[+0.06, +0.08]"
blur,2,all,,1.06212404144442,1.0352759180370072,1.0265091353659774,1.0574304245943045,-0.00469361685011566,"[-0.01, -0.00]",-0.026848123407412928,"[-0.03, -0.02]",0.022154506557297268,"[+0.02, +0.03]",0.030921289228327015,"[+0.03, +0.04]"
blur,2,thick,,2.046833673153921,2.049922201807982,2.0449881265217997,2.0400417428013586,-0.006791930352561893,"[-0.01, +0.00]",0.0030885286540605905,"[-0.00, +0.01]",-0.009880459006622483,"[-0.02, -0.00]",-0.00494638372044094,"[-0.01, +0.00]"
blur,2,thin,,0.7341271175860249,0.6918122634039646,0.6797647060046521,0.7309122945949058,-0.0032148229911190484,"[-0.01, -0.00]",-0.042314854182060185,"[-0.05, -0.04]",0.03910003119094114,"[+0.03, +0.04]",0.05114758859025368,"[+0.04, +0.06]"
blur,3,all,,1.0341249532315402,1.0079690280732259,1.000180084032075,1.0315930785731628,-0.0025318746583776093,"[-0.01, +0.00]",-0.026155925158314552,"[-0.03, -0.02]",0.023624050499936943,"[+0.02, +0.03]",0.031412994541087674,"[+0.03, +0.04]"
blur,3,thick,,2.0506978633000914,2.046472758504744,2.0412912318254244,2.046903618035648,-0.00379424526444313,"[-0.01, +0.00]",-0.0042251047953471765,"[-0.01, -0.00]",0.0004308595309040464,"[-0.01, +0.01]",0.0056123862102236246,"[-0.00, +0.01]"
blur,3,thin,,0.6896010395230739,0.6544974678598822,0.6451888894015795,0.6882536058816423,-0.0013474336414317535,"[-0.00, +0.00]",-0.035103571663191786,"[-0.04, -0.03]",0.033756138021760036,"[+0.03, +0.04]",0.04306471648006277,"[+0.04, +0.05]"
blur,4,all,,0.9638678658486571,0.9408440085190434,0.9345508075356218,0.9640049149093188,0.0001370490606613961,"[-0.00, +0.00]",-0.023023857329614105,"[-0.02, -0.02]",0.0231609063902755,"[+0.02, +0.03]",0.02945410737369695,"[+0.03, +0.03]"
blur,4,thick,,2.027237659645985,2.011961278257538,2.0056709734071982,2.0281809352093116,0.0009432755633270195,"[-0.01, +0.01]",-0.015276381388446942,"[-0.02, -0.01]",0.01621965695177396,"[+0.01, +0.02]",0.022509961802113346,"[+0.02, +0.03]"
blur,4,thin,,0.603532195584209,0.5805429953980762,0.57345710151646,0.6030944046797057,-0.0004377909045033665,"[-0.00, +0.00]",-0.02298920018613292,"[-0.03, -0.02]",0.022551409281629558,"[+0.02, +0.03]",0.0296373031632457,"[+0.03, +0.03]"
blur,5,all,,0.8860494147782348,0.8671530774357897,0.8618675647036751,0.8869719018187081,0.000922487040473294,"[-0.00, +0.00]",-0.01889633734244519,"[-0.02, -0.02]",0.019818824382918484,"[+0.02, +0.02]",0.025104337115033157,"[+0.02, +0.03]"
blur,5,thick,,1.9634940715138756,1.9423482043256552,1.936134508978327,1.9666809591960972,0.003186887682221671,"[-0.00, +0.01]",-0.02114586718822016,"[-0.02, -0.02]",0.02433275487044183,"[+0.02, +0.03]",0.03054645021777012,"[+0.02, +0.04]"
blur,5,thin,,0.5282075202510971,0.5130769499125581,0.5081006838002954,0.5269101278410143,-0.0012973924100827333,"[-0.00, +0.00]",-0.015130570338538972,"[-0.02, -0.01]",0.01383317792845624,"[+0.01, +0.02]",0.018809444040718923,"[+0.02, +0.02]"
blur,6,all,,0.8480266713842155,0.831162138417637,0.8259694585450725,0.8490122777491824,0.0009856063649668451,"[-0.00, +0.00]",-0.016864532966578468,"[-0.02, -0.02]",0.017850139331545313,"[+0.01, +0.02]",0.02304281920410973,"[+0.02, +0.03]"
blur,6,thick,,1.9184035854922343,1.8966978644595167,1.8902792823302728,1.9218763529768939,0.0034727674846594127,"[-0.00, +0.01]",-0.021705721032717947,"[-0.02, -0.02]",0.025178488517377362,"[+0.02, +0.03]",0.03159707064662141,"[+0.02, +0.04]"
blur,6,thin,,0.49763061402916975,0.4853631251815764,0.48030837586085373,0.495923315400075,-0.001707298629094722,"[-0.00, +0.00]",-0.01226748884759332,"[-0.01, -0.01]",0.010560190218498598,"[+0.01, +0.01]",0.015614939539221287,"[+0.01, +0.02]"
blur,7,all,,0.768567797227281,0.7557361635039177,0.7507867575859143,0.7690909541902919,0.0005231569630110175,"[-0.00, +0.00]",-0.012831633723363272,"[-0.01, -0.01]",0.013354790686374289,"[+0.01, +0.02]",0.018304196604377612,"[+0.01, +0.02]"
blur,7,thick,,1.8104539578025112,1.788891904176634,1.7823057645755793,1.8135141600731743,0.0030602022706629874,"[-0.00, +0.01]",-0.021562053625877577,"[-0.02, -0.02]",0.024622255896540567,"[+0.02, +0.03]",0.031208395497594976,"[+0.02, +0.04]"
blur,7,thin,,0.43660750674088383,0.4289226023197192,0.42477329296438276,0.43430052561147897,-0.002306981129404776,"[-0.00, +0.00]",-0.0076849044211646554,"[-0.01, -0.01]",0.005377923291759879,"[+0.00, +0.01]",0.009527232647096262,"[+0.01, +0.01]"
blur,8,all,,0.6936050925320056,0.683987452106649,0.679377425992281,0.6931678984038999,-0.0004371941281057966,"[-0.00, +0.00]",-0.009617640425356656,"[-0.01, -0.01]",0.009180446297250861,"[+0.01, +0.01]",0.01379047241161864,"[+0.01, +0.02]"
blur,8,thick,,1.6874777622292927,1.6683661545395085,1.6614224468026486,1.6888912268923035,0.0014134646630112669,"[-0.01, +0.01]",-0.019111607689784135,"[-0.02, -0.02]",0.020525072352795402,"[+0.01, +0.03]",0.027468780089655163,"[+0.02, +0.04]"
blur,8,thin,,0.38502236345017965,0.3800460854925591,0.37651011114228256,0.3820194493648213,-0.0030029140853583356,"[-0.01, -0.00]",-0.004976277957620528,"[-0.01, -0.00]",0.0019733638722621927,"[-0.00, +0.00]",0.005509338222538805,"[+0.00, +0.01]"
blur,9,all,,0.6597772063510188,0.6515816069403896,0.6471262304062839,0.6591122425030765,-0.0006649638479420176,"[-0.00, +0.00]",-0.008195599410629126,"[-0.01, -0.01]",0.007530635562687108,"[+0.00, +0.01]",0.011986012096792936,"[+0.01, +0.02]"
blur,9,thick,,1.6288997391810092,1.6113850408843353,1.6043993398647314,1.6296379041953992,0.000738165014390128,"[-0.01, +0.01]",-0.017514698296673736,"[-0.02, -0.02]",0.018252863311063867,"[+0.01, +0.03]",0.025238564330667873,"[+0.02, +0.03]"
blur,9,thin,,0.36232432869487124,0.35835769431292636,0.355521209355508,0.35916192881000136,-0.0031623998848699323,"[-0.01, -0.00]",-0.0039666343819448925,"[-0.00, -0.00]",0.0008042344970749597,"[-0.00, +0.00]",0.0036407194544933034,"[+0.00, +0.01]"
jpeg,0,all,,1.1073663940827447,1.1069252747039255,1.0892720285534094,1.0935766829902038,-0.013789711092540515,"[-0.02, -0.01]",-0.00044111937881892937,"[-0.01, +0.01]",-0.013348591713721587,"[-0.02, -0.01]",0.004304654436794825,"[-0.00, +0.01]"
jpeg,0,thick,,1.910135946156345,2.0120347110816295,2.0224038758021656,1.899897635654696,-0.010238310501649589,"[-0.02, +0.00]",0.1018987649252842,"[+0.08, +0.13]",-0.11213707542693378,"[-0.13, -0.09]",-0.12250624014747027,"[-0.15, -0.10]"
jpeg,0,thin,,0.8753013248450475,0.8321598584149698,0.7890897287209987,0.8503864988493275,-0.024914825995719894,"[-0.03, -0.02]",-0.043141466430077484,"[-0.06, -0.03]",0.018226640434357587,"[+0.01, +0.03]",0.061296770128328876,"[+0.05, +0.08]"
jpeg,1,all,,1.1114603844722402,1.106586814722017,1.0903972937540245,1.0942934914524949,-0.017166893019745295,"[-0.02, -0.01]",-0.0048735697502232745,"[-0.01, +0.00]",-0.012293323269522016,"[-0.02, -0.01]",0.003896197698470524,"[-0.00, +0.01]"
jpeg,1,thick,,1.9214170853547012,2.011014092533001,2.02016397470931,1.9028174271145561,-0.018599658240145388,"[-0.03, -0.01]",0.08959700717830002,"[+0.07, +0.11]",-0.10819666541844537,"[-0.13, -0.09]",-0.1173465475947538,"[-0.14, -0.10]"
jpeg,1,thin,,0.8820107092751964,0.8309123693334447,0.7930620332085807,0.8535281036746946,-0.02848260560050182,"[-0.04, -0.02]",-0.051098339941751725,"[-0.06, -0.04]",0.022615734341249912,"[+0.01, +0.03]",0.06046607046611389,"[+0.05, +0.08]"
jpeg,2,all,,1.113085377523842,1.1065732756856483,1.0903986209194374,1.0942030827359386,-0.018882294787903334,"[-0.02, -0.02]",-0.006512101838193776,"[-0.01, -0.00]",-0.012370192949709561,"[-0.02, -0.01]",0.0038044618165013148,"[-0.00, +0.01]"
jpeg,2,thick,,1.927555837908786,2.0102156748511706,2.0178883905305303,1.8998912818152318,-0.027664556093554418,"[-0.04, -0.02]",0.08265983694238478,"[+0.07, +0.10]",-0.1103243930359392,"[-0.13, -0.09]",-0.11799710871529868,"[-0.14, -0.10]"
jpeg,2,thin,,0.8863343857073053,0.8311639351921611,0.7924132422983465,0.8535901596663491,-0.03274422604095615,"[-0.04, -0.02]",-0.05517045051514416,"[-0.07, -0.04]",0.022426224474188006,"[+0.01, +0.03]",0.06117691736800257,"[+0.05, +0.08]"
jpeg,3,all,,1.1133634880147603,1.1062350980533666,1.0908495473087263,1.0943758301506585,-0.018987657864101747,"[-0.02, -0.02]",-0.007128389961393873,"[-0.01, -0.00]",-0.011859267902707875,"[-0.02, -0.01]",0.0035262828419321585,"[-0.00, +0.01]"
jpeg,3,thick,,1.9290760403178016,2.01011762342717,2.0177594344206757,1.9027448841928187,-0.026331156124982352,"[-0.04, -0.02]",0.08104158310936883,"[+0.06, +0.10]",-0.10737273923435119,"[-0.13, -0.09]",-0.11501455022785675,"[-0.14, -0.09]"
jpeg,3,thin,,0.8862684270490461,0.8300778141573483,0.7932403297146627,0.8528811623236261,-0.03338726472541986,"[-0.04, -0.03]",-0.05619061289169764,"[-0.07, -0.04]",0.02280334816627778,"[+0.01, +0.03]",0.05964083260896321,"[+0.04, +0.08]"
jpeg,4,all,,1.1147036177566914,1.1062053121436781,1.0913934641621676,1.0943742578915552,-0.020329359865136266,"[-0.02, -0.02]",-0.008498305613013313,"[-0.01, -0.00]",-0.011831054252122948,"[-0.02, -0.01]",0.0029807937293873325,"[-0.01, +0.01]"
jpeg,4,thick,,1.933558333806747,2.0106216328041815,2.020144372886084,1.9019733033476798,-0.03158503045906765,"[-0.04, -0.02]",0.07706329899743442,"[+0.06, +0.10]",-0.10864832945650207,"[-0.13, -0.09]",-0.11817106953840488,"[-0.14, -0.10]"
jpeg,4,thin,,0.8835112197619289,0.8279287291626983,0.7912524684817716,0.8548928161328825,-0.028618403629046284,"[-0.04, -0.02]",-0.05558249059923046,"[-0.07, -0.04]",0.02696408697018419,"[+0.02, +0.04]",0.063640347651111,"[+0.05, +0.08]"
jpeg,5,all,,1.114596102755027,1.1049484230822506,1.0903810433588808,1.0942193237987468,-0.02037677895628022,"[-0.02, -0.02]",-0.009647679672776584,"[-0.01, -0.00]",-0.010729099283503634,"[-0.02, -0.00]",0.0038382804398661534,"[-0.00, +0.01]"
jpeg,5,thick,,1.938401857280352,2.011884807863581,2.0215749258147193,1.905150683338239,-0.033251173942112626,"[-0.04, -0.02]",0.07348295058322918,"[+0.06, +0.09]",-0.10673412452534181,"[-0.13, -0.09]",-0.11642424247647983,"[-0.14, -0.10]"
jpeg,5,thin,,0.8828390673480033,0.8259257110630113,0.789325568779816,0.8516673832498022,-0.031171684098201303,"[-0.04, -0.02]",-0.05691335628499223,"[-0.07, -0.05]",0.025741672186790927,"[+0.01, +0.04]",0.062341814469986156,"[+0.05, +0.08]"
jpeg,6,all,,1.1173200384542792,1.1058305297347635,1.0910116705227295,1.0959290704482643,-0.021390968006015237,"[-0.03, -0.02]",-0.011489508719515935,"[-0.02, -0.01]",-0.009901459286499303,"[-0.02, -0.00]",0.004917399925534811,"[-0.00, +0.01]"
jpeg,6,thick,,1.9397698928153368,2.0082210069257793,2.017803936547916,1.8997509926509952,-0.040018900164341356,"[-0.05, -0.03]",0.06845111411044291,"[+0.05, +0.08]",-0.10847001427478427,"[-0.13, -0.09]",-0.11805294389692086,"[-0.14, -0.10]"
jpeg,6,thin,,0.8840008452898491,0.8253844294703585,0.7892557725189943,0.8559240752635054,-0.02807677002634389,"[-0.04, -0.02]",-0.058616415819490654,"[-0.07, -0.05]",0.030539645793146764,"[+0.02, +0.04]",0.06666830274451115,"[+0.05, +0.08]"
jpeg,7,all,,1.117547808055045,1.1034789934307998,1.0889194508857363,1.0989014333999105,-0.018646374655134513,"[-0.02, -0.01]",-0.01406881462424513,"[-0.02, -0.01]",-0.004577560030889381,"[-0.01, +0.00]",0.009981982514174257,"[+0.00, +0.02]"
jpeg,7,thick,,1.9397325172052182,2.005543308436425,2.0192000070669764,1.916359682409724,-0.02337283479549449,"[-0.04, -0.01]",0.06581079123120748,"[+0.05, +0.08]",-0.08918362602670196,"[-0.11, -0.07]",-0.10284032465725254,"[-0.12, -0.08]"
jpeg,7,thin,,0.8793165779098912,0.8181776291993644,0.778901902121066,0.8510244944635043,-0.028292083446386607,"[-0.04, -0.02]",-0.06113894871052653,"[-0.07, -0.05]",0.03284686526413993,"[+0.03, +0.04]",0.0721225923424384,"[+0.06, +0.08]"
jpeg,8,all,,1.1166529925024353,1.1001896403424287,1.081491943547327,1.1046255327425394,-0.012027459759896194,"[-0.02, -0.01]",-0.016463352160006647,"[-0.02, -0.01]",0.004435892400110452,"[-0.00, +0.01]",0.023133589195212242,"[+0.02, +0.03]"
jpeg,8,thick,,1.9310928496604163,1.9952187078258266,2.0028871999156457,1.9275802430191424,-0.0035126066412741784,"[-0.01, +0.01]",0.06412585816541062,"[+0.05, +0.08]",-0.0676384648066848,"[-0.08, -0.05]",-0.07530695689650313,"[-0.09, -0.06]"
jpeg,8,thin,,0.8560352494602789,0.8005027574387457,0.7596615760485289,0.8334486656765252,-0.022586583783753833,"[-0.03, -0.01]",-0.055532492021533264,"[-0.06, -0.05]",0.032945908237779424,"[+0.02, +0.04]",0.07378708962799617,"[+0.06, +0.09]"
jpeg,9,all,,1.0092303687585042,1.0030605725929875,0.9714508526948726,1.005050345490886,-0.004180023267618068,"[-0.01, -0.00]",-0.006169796165516372,"[-0.01, -0.00]",0.001989772897898304,"[-0.00, +0.01]",0.03359949279601327,"[+0.03, +0.04]"
jpeg,9,thick,,1.8569194599984735,1.9387267687540963,1.899915270043079,1.8633983551880176,0.006478895189543785,"[-0.00, +0.02]",0.08180730875562313,"[+0.07, +0.10]",-0.07532841356607935,"[-0.09, -0.06]",-0.036516914855062026,"[-0.05, -0.02]"
jpeg,9,thin,,0.6392413329251344,0.617694721833044,0.5829929942316475,0.6331081418172074,-0.006133191107926871,"[-0.01, +0.00]",-0.021546611092090346,"[-0.03, -0.02]",0.01541341998416347,"[+0.01, +0.02]",0.05011514758555994,"[+0.04, +0.06]"
none,0,all,1.1084055764117822,,,,1.0944267173173268,,,,,,,,
none,0,thick,1.91372949899568,,,,1.9023934677529561,,,,,,,,
none,0,thin,0.8785147261802773,,,,0.8532101601777716,,,,,,,,
poisson,0,all,,0.9630659153808565,1.0929011914816855,1.071603332110242,1.005119292469306,0.04205337708844939,"[+0.03, +0.05]",0.12983527610082926,"[+0.11, +0.16]",-0.08778189901237984,"[-0.10, -0.07]",-0.06648403964093624,"[-0.08, -0.05]"
poisson,0,thick,,1.5416845426623826,1.9698824875801444,1.9957262678817103,1.7034303088461247,0.1617457661837418,"[+0.13, +0.19]",0.42819794491776153,"[+0.35, +0.51]",-0.2664521787340198,"[-0.32, -0.22]",-0.2922959590355857,"[-0.35, -0.24]"
poisson,0,thin,,0.7203982746140712,0.8137635277315621,0.7566970118449365,0.732147805738113,0.011749531124041847,"[-0.00, +0.03]",0.093365253117491,"[+0.06, +0.13]",-0.08161572199344914,"[-0.11, -0.06]",-0.024549206106823592,"[-0.05, -0.00]"
poisson,1,all,,0.9485746582546666,1.0891478368734877,1.0695322828664051,0.9967632070716728,0.04818854881700619,"[+0.04, +0.06]",0.140573178618821,"[+0.12, +0.17]",-0.0923846298018148,"[-0.11, -0.08]",-0.07276907579473235,"[-0.09, -0.06]"
poisson,1,thick,,1.5179973913315414,1.9622051791646715,1.9882355406290113,1.693822032183497,0.17582464085195537,"[+0.14, +0.21]",0.44420778783313003,"[+0.37, +0.53]",-0.26838314698117466,"[-0.32, -0.22]",-0.29441350844551456,"[-0.36, -0.24]"
poisson,1,thin,,0.7093356569289986,0.8109787931786299,0.7570222963132366,0.7218782026554619,0.012542545726463463,"[-0.00, +0.03]",0.10164313624963128,"[+0.07, +0.14]",-0.08910059052316782,"[-0.12, -0.07]",-0.035144093657774586,"[-0.06, -0.01]"
poisson,2,all,,0.9304100666234872,1.0857247097528036,1.0663833157755653,0.9842013674838445,0.053791300860357126,"[+0.04, +0.07]",0.15531464312931623,"[+0.13, +0.18]",-0.1015233422689591,"[-0.12, -0.09]",-0.08218194829172065,"[-0.10, -0.07]"
poisson,2,thick,,1.4787440285803788,1.9447471738393007,1.9774869601821248,1.6620328423965949,0.18328881381621645,"[+0.15, +0.22]",0.4660031452589222,"[+0.39, +0.55]",-0.28271433144270586,"[-0.34, -0.23]",-0.31545411778553,"[-0.38, -0.26]"
poisson,2,thin,,0.6809920556067698,0.8044395621791406,0.7463242545008001,0.7029637295611479,0.021971673954378258,"[+0.00, +0.04]",0.12344750657237084,"[+0.09, +0.16]",-0.10147583261799258,"[-0.13, -0.08]",-0.04336052493965212,"[-0.07, -0.02]"
poisson,3,all,,0.9124866863579046,1.083721839317254,1.0646653477000705,0.9691786809769982,0.05669199461909364,"[+0.04, +0.07]",0.17123515295934955,"[+0.14, +0.20]",-0.11454315834025587,"[-0.13, -0.10]",-0.09548666672307245,"[-0.12, -0.08]"
poisson,3,thick,,1.4373953955754128,1.9495793903060947,1.9847321371070656,1.640192867606947,0.2027974720315343,"[+0.17, +0.24]",0.5121839947306822,"[+0.43, +0.60]",-0.30938652269914785,"[-0.37, -0.26]",-0.34453926950011854,"[-0.41, -0.28]"
poisson,3,thin,,0.6724813977417564,0.7994992308607847,0.7437116077727927,0.6861889740224996,0.013707576280742978,"[-0.01, +0.03]",0.12701783311902823,"[+0.09, +0.17]",-0.11331025683828522,"[-0.14, -0.09]",-0.057522633750293116,"[-0.09, -0.03]"
poisson,4,all,,0.888326058491521,1.081235309511497,1.061978924306723,0.9583054102334821,0.06997935174196104,"[+0.06, +0.08]",0.19290925101997583,"[+0.16, +0.23]",-0.12292989927801475,"[-0.14, -0.10]",-0.10367351407324095,"[-0.12, -0.08]"
poisson,4,thick,,1.3859432309897337,1.9331533094159392,1.9669097526299881,1.6102015782932542,0.2242583473035204,"[+0.19, +0.26]",0.5472100784262052,"[+0.46, +0.64]",-0.32295173112268466,"[-0.39, -0.26]",-0.3567081743367342,"[-0.43, -0.29]"
poisson,4,thin,,0.6549738663129799,0.8034351534867765,0.7467646573750981,0.6772315172249872,0.0222576509120072,"[+0.00, +0.04]",0.14846128717379656,"[+0.11, +0.19]",-0.12620363626178932,"[-0.15, -0.10]",-0.06953314015011089,"[-0.10, -0.04]"
poisson,5,all,,0.8598920377846078,1.075526985427563,1.0548652234887395,0.9392729611107409,0.07938092332613295,"[+0.06, +0.10]",0.2156349476429553,"[+0.18, +0.25]",-0.13625402431682238,"[-0.16, -0.12]",-0.11559226237799879,"[-0.14, -0.10]"
poisson,5,thick,,1.328087465102531,1.9079820576654094,1.9413091913070533,1.5750901852193848,0.2470027201168544,"[+0.21, +0.28]",0.5798945925628787,"[+0.49, +0.67]",-0.3328918724460243,"[-0.39, -0.28]",-0.3662190060876685,"[-0.43, -0.30]"
poisson,5,thin,,0.6268670260051437,0.7948894742148679,0.7369551953985148,0.6640230425553557,0.03715601655021205,"[+0.02, +0.06]",0.16802244820972426,"[+0.13, +0.21]",-0.13086643165951226,"[-0.16, -0.10]",-0.07293215284315903,"[-0.10, -0.05]"
poisson,6,all,,0.8137503604251232,1.066141107623591,1.0460254670190576,0.9168948750600081,0.10314451463488515,"[+0.09, +0.12]",0.252390747198468,"[+0.22, +0.29]",-0.1492462325635828,"[-0.17, -0.13]",-0.1291305919590495,"[-0.15, -0.11]"
poisson,6,thick,,1.2468471168571424,1.8953761418215453,1.9167006662519708,1.5345705697036058,0.287723452846463,"[+0.25, +0.33]",0.6485290249644029,"[+0.55, +0.74]",-0.3608055721179399,"[-0.42, -0.30]",-0.3821300965483653,"[-0.45, -0.32]"
poisson,6,thin,,0.5816594230665385,0.7732658210723438,0.7171975202986891,0.6410846877919657,0.05942526472542714,"[+0.04, +0.08]",0.19160639800580506,"[+0.15, +0.24]",-0.13218113328037792,"[-0.16, -0.11]",-0.07611283250672334,"[-0.10, -0.05]"
poisson,7,all,,0.7540396396039923,1.0537867399205139,1.0335512535901334,0.8830642274035811,0.12902458779958884,"[+0.11, +0.15]",0.2997471003165216,"[+0.26, +0.34]",-0.17072251251693277,"[-0.20, -0.15]",-0.15048702618655238,"[-0.18, -0.13]"
poisson,7,thick,,1.1335753833597206,1.8500875738816152,1.8739429984224274,1.4643190671208972,0.33074368376117624,"[+0.29, +0.38]",0.7165121905218942,"[+0.62, +0.82]",-0.38576850676071794,"[-0.45, -0.33]",-0.4096239313015302,"[-0.48, -0.34]"
poisson,7,thin,,0.5375644315436814,0.7681361866025513,0.7151913070109122,0.6049109901165243,0.06734655857284279,"[+0.05, +0.09]",0.23057175505886995,"[+0.19, +0.28]",-0.16322519648602715,"[-0.19, -0.14]",-0.11028031689438793,"[-0.14, -0.08]"
poisson,8,all,,0.6522159276316049,1.0245862677951467,1.0042573247160844,0.8368913081394291,0.18467538050782395,"[+0.16, +0.21]",0.37237034016354154,"[+0.33, +0.42]",-0.18769495965571753,"[-0.21, -0.17]",-0.16736601657665534,"[-0.19, -0.14]"
poisson,8,thick,,0.9556792163270125,1.7601675472084302,1.787540451594811,1.3704321415101868,0.4147529251831742,"[+0.37, +0.46]",0.8044883308814176,"[+0.71, +0.90]",-0.3897354056982433,"[-0.45, -0.34]",-0.417108310084624,"[-0.48, -0.36]"
poisson,8,thin,,0.4660427963396161,0.7392811151843889,0.6875711914715635,0.5546463408811413,0.08860354454152523,"[+0.06, +0.11]",0.27323831884477273,"[+0.23, +0.32]",-0.18463477430324757,"[-0.22, -0.16]",-0.13292485059042225,"[-0.16, -0.10]"
poisson,9,all,,0.4362867269625535,0.9107484208825251,0.8774952891301272,0.7231392682301846,0.2868525412676311,"[+0.26, +0.31]",0.4744616939199715,"[+0.43, +0.52]",-0.18760915265234046,"[-0.21, -0.17]",-0.15435602089994258,"[-0.17, -0.14]"
poisson,9,thick,,0.6204836310793089,1.4940266836544052,1.47957257696813,1.1598536726794315,0.5393700416001227,"[+0.49, +0.59]",0.8735430525750962,"[+0.79, +0.95]",-0.33417301097497365,"[-0.38, -0.29]",-0.3197189042886985,"[-0.36, -0.28]"
poisson,9,thin,,0.3030772552558941,0.6188729251085239,0.5455898029569592,0.45448238661668255,0.1514051313607885,"[+0.12, +0.18]",0.31579566985262975,"[+0.28, +0.36]",-0.16439053849184124,"[-0.19, -0.14]",-0.09110741634027669,"[-0.11, -0.07]"
