comparison,metric,mean,ci_low,ci_high,ci,per_seed
film_A : real_c − shuffled_c,psnr,0.007238418646872127,0.0017421664348871687,0.013560355519450075,images,+0.0089 / +0.0060 / +0.0068
film_A : real_c − shuffled_c,mpsnr,0.003184680785921851,0.0006155197426243981,0.006123532059792587,images,+0.0040 / +0.0028 / +0.0028
film_A : real_c − shuffled_c,ssim,2.7554233868902022e-06,-2.29319185018909e-06,7.0083638032253605e-06,images,+0.0000 / +0.0000 / +0.0000
film_A : real_c − shuffled_c,haarpsi,0.00012514919042586688,4.71647878487763e-05,0.00021961872527996736,images,+0.0001 / +0.0001 / +0.0001
film_A : real_c − constant_c,psnr,0.005341760039127882,0.0015773318040455497,0.009361508269814581,images,+0.0063 / +0.0045 / +0.0052
film_A : real_c − constant_c,mpsnr,0.0020671896904853188,0.00010487511012751304,0.004345591807652258,images,+0.0024 / +0.0018 / +0.0020
film_A : real_c − constant_c,ssim,1.7635027567545575e-06,-1.0819484790139802e-06,4.245154559612787e-06,images,+0.0000 / +0.0000 / +0.0000
film_A : real_c − constant_c,haarpsi,7.651885350545266e-05,2.9492060343421952e-05,0.00012991469353438274,images,+0.0001 / +0.0001 / +0.0001
film_A − baseline,psnr,0.03805314432298369,-0.011255696629648239,0.08736198527561562,seeds,+0.0609 / +0.0287 / +0.0246
film_A − baseline,mpsnr,0.031323925148784466,0.01545129809292076,0.047196552204648176,seeds,+0.0387 / +0.0274 / +0.0279
film_A − baseline,ssim,7.66297181447336e-05,3.2481683671379935e-05,0.00012077775261808726,seeds,+0.0001 / +0.0001 / +0.0001
film_A − baseline,haarpsi,0.000209009448687232,-0.00011515512628950588,0.0005331740236639698,seeds,+0.0004 / +0.0001 / +0.0001
film_B : real_c − shuffled_c,psnr,0.03310108636991305,0.018171428204416456,0.0493801696349885,images,+0.0365 / +0.0305 / +0.0323
film_B : real_c − shuffled_c,mpsnr,0.010972397462909598,0.003431058030059073,0.019036481505123597,images,+0.0124 / +0.0096 / +0.0109
film_B : real_c − shuffled_c,ssim,1.5782018502555525e-05,4.736751317974195e-06,2.8479829430584713e-05,images,+0.0000 / +0.0000 / +0.0000
film_B : real_c − shuffled_c,haarpsi,0.00027690748373667583,0.00011255321403344905,0.0004611330802241966,images,+0.0003 / +0.0003 / +0.0003
film_B : real_c − constant_c,psnr,0.019908227577730763,0.008264184624410089,0.0314452242889936,images,+0.0229 / +0.0177 / +0.0191
film_B : real_c − constant_c,mpsnr,0.0060103128199035065,-0.00033740780013852094,0.012660545525851451,images,+0.0073 / +0.0046 / +0.0062
film_B : real_c − constant_c,ssim,9.644826253261129e-06,3.385265668231168e-06,1.6922759513071517e-05,images,+0.0000 / +0.0000 / +0.0000
film_B : real_c − constant_c,haarpsi,0.0001363391677538563,3.659233947595259e-05,0.00024088343232870016,images,+0.0001 / +0.0001 / +0.0001
film_B − baseline,psnr,0.04950130380965916,-0.0026959424383927316,0.10169855005771106,seeds,+0.0737 / +0.0390 / +0.0358
film_B − baseline,mpsnr,0.03752656772763215,0.01828011114051958,0.05677302431474472,seeds,+0.0461 / +0.0311 / +0.0353
film_B − baseline,ssim,7.76541233062783e-05,3.418647635389698e-05,0.00012112177025865961,seeds,+0.0001 / +0.0001 / +0.0001
film_B − baseline,haarpsi,0.00024438391129175563,-4.922231307750394e-05,0.0005379901356610152,seeds,+0.0004 / +0.0002 / +0.0002
