seed,run_a,model,dice_fg_mean,iou_fg_mean,dice_mean
42,2026-09-29_174404_e17_seed42_condition_a,A,0.41884666681289673,0.3020552694797516,0.4418083131313324
42,2026-09-29_174404_e17_seed42_condition_a,"A, 128x128 then bilinear",0.3697430491447449,0.2595277428627014,0.39463430643081665
42,2026-09-29_174404_e17_seed42_condition_a,"A, 128x128 then bicubic",0.36534202098846436,0.255304217338562,0.39040684700012207
43,2026-09-29_180544_e17_seed43_condition_a,A,0.435185045003891,0.3136705160140991,0.45748981833457947
43,2026-09-29_180544_e17_seed43_condition_a,"A, 128x128 then bilinear",0.39351794123649597,0.2783101201057434,0.417452871799469
43,2026-09-29_180544_e17_seed43_condition_a,"A, 128x128 then bicubic",0.3981577754020691,0.28186070919036865,0.42191147804260254
44,2026-09-29_182911_e17_seed44_condition_a,A,0.42877763509750366,0.31020480394363403,0.45134425163269043
44,2026-09-29_182911_e17_seed44_condition_a,"A, 128x128 then bilinear",0.40401601791381836,0.28657299280166626,0.4275379776954651
44,2026-09-29_182911_e17_seed44_condition_a,"A, 128x128 then bicubic",0.4066776931285858,0.28925055265426636,0.43009787797927856
