degradation,level,method,metric,mean,ci_low,ci_high,n
blur,1,gauss5,delta,-1.8466941626640476,-1.929332144918526,-1.7604845589914544,100
blur,1,gauss5,mdelta,-2.2175271694928838,-2.3071882542296893,-2.1302645160147633,100
blur,1,median5,delta,-1.292071806993428,-1.4121108627604158,-1.1776013494418116,100
blur,1,median5,mdelta,-2.178504780310804,-2.2673449932646155,-2.0917992172702715,100
blur,1,medvae,delta,-1.9489117872575952,-2.181570911610236,-1.7086626694027058,100
blur,1,medvae,mdelta,-2.7815906892981115,-2.890155495190796,-2.673531101909974,100
blur,2,gauss5,delta,-0.7113311954054433,-0.7570707746060675,-0.6639632950033473,100
blur,2,gauss5,mdelta,-0.9285466031649326,-0.975235819214685,-0.8828305465454634,100
blur,2,median5,delta,-0.3865963254593109,-0.4265868073905299,-0.34789623201719644,100
blur,2,median5,mdelta,-0.7590502445844706,-0.805975899848972,-0.713891374159691,100
blur,2,medvae,delta,-0.6060156951068416,-0.7111605644681208,-0.5007901531476456,100
blur,2,medvae,mdelta,-0.7042103324034861,-0.7714514019284399,-0.6360460845009541,100
blur,3,gauss5,delta,-0.5238475508975576,-0.5596202019647738,-0.48768868689620015,100
blur,3,gauss5,mdelta,-0.6962835731972734,-0.731695843180561,-0.6613225557147195,100
blur,3,median5,delta,-0.2635293871769437,-0.29124631604436596,-0.23674823810002726,100
blur,3,median5,mdelta,-0.5444864568160104,-0.579917025203209,-0.5102229364981172,100
blur,3,medvae,delta,-0.4196354884442924,-0.4987296433182675,-0.34246063554982675,100
blur,3,medvae,mdelta,-0.41256673401098454,-0.4791891251665264,-0.34437203933517835,100
blur,4,gauss5,delta,-0.30353370372750166,-0.3267586337771301,-0.2801996561482032,100
blur,4,gauss5,mdelta,-0.42075707245799193,-0.4416992041164644,-0.4002945267078318,100
blur,4,median5,delta,-0.14015763236498954,-0.15522214407011184,-0.1258857249674938,100
blur,4,median5,mdelta,-0.3187868747422764,-0.3390545923890628,-0.29915519859884304,100
blur,4,medvae,delta,-0.17141798012462123,-0.2225221882782577,-0.12473080379833303,100
blur,4,medvae,mdelta,-0.18361723741175634,-0.2554431019799648,-0.1066583435774957,100
blur,5,gauss5,delta,-0.19210414690772665,-0.2079216893104184,-0.17619072934862146,100
blur,5,gauss5,mdelta,-0.27151293036083,-0.28474409326660843,-0.2585206245286452,100
blur,5,median5,delta,-0.08654568678876302,-0.09565456938903674,-0.0778949498015672,100
blur,5,median5,mdelta,-0.20887339264527946,-0.2209504795750849,-0.19731085923629965,100
blur,5,medvae,delta,-0.03246305583412571,-0.06798595128168257,-0.0009366796037034192,100
blur,5,medvae,mdelta,-0.14236164487980205,-0.21852841823107463,-0.06319372674045817,100
blur,6,gauss5,delta,-0.16712659709636807,-0.180305105239688,-0.15401625421429763,100
blur,6,gauss5,mdelta,-0.23004748982030424,-0.24059919415861147,-0.2194136222773976,100
blur,6,median5,delta,-0.07476426826383761,-0.08224123800848124,-0.06769045269961953,100
blur,6,median5,mdelta,-0.18006754538635023,-0.1897899972130389,-0.17068234692664552,100
blur,6,medvae,delta,0.001715123072173906,-0.02896335355556516,0.028814370843493427,100
blur,6,medvae,mdelta,-0.14733575322035797,-0.2229365525041401,-0.06689311058096402,100
blur,7,gauss5,delta,-0.10565058278179372,-0.11562320707262895,-0.09552682319382601,100
blur,7,gauss5,mdelta,-0.15371261913503534,-0.16092968465774,-0.14631072843861445,100
blur,7,median5,delta,-0.04889078669319051,-0.05418505608033341,-0.04393460778535941,100
blur,7,median5,mdelta,-0.12707047944440206,-0.13344809489477857,-0.12085446271729434,100
blur,7,medvae,delta,0.05778332545331617,0.03461564463413325,0.0784403902143149,100
blur,7,medvae,mdelta,-0.1619739150595629,-0.23353305562071985,-0.08580726929149597,100
blur,8,gauss5,delta,-0.08185551258427988,-0.08878180577160692,-0.07489932578383214,100
blur,8,gauss5,mdelta,-0.10720183131648618,-0.11233435520353606,-0.10198804834163565,100
blur,8,median5,delta,-0.038267168894364684,-0.04192294520359605,-0.03491866294366942,100
blur,8,median5,mdelta,-0.09505021680005939,-0.09933461182970788,-0.09086435545009826,100
blur,8,medvae,delta,0.07045626271389094,0.05217798002643718,0.08819656143359297,100
blur,8,medvae,mdelta,-0.18062578853308653,-0.24631848938676346,-0.11024740470564885,100
blur,9,gauss5,delta,-0.06601734925431363,-0.07235141179262986,-0.05971996449377598,100
blur,9,gauss5,mdelta,-0.08882965696246732,-0.09332627274224707,-0.08418697493746449,100
blur,9,median5,delta,-0.031721745369154244,-0.03492638827819741,-0.028781938236706193,100
blur,9,median5,mdelta,-0.08274894669831184,-0.0867184383852651,-0.07898250598834497,100
blur,9,medvae,delta,0.07777688195120662,0.06028290321110002,0.09464941803674327,100
blur,9,medvae,mdelta,-0.1869081711355179,-0.25024543334336585,-0.11882574388642413,100
jpeg,0,gauss5,delta,-9.336206682417341,-9.907813265193283,-8.77501027863519,100
jpeg,0,gauss5,mdelta,-7.334122315639962,-7.571440973305294,-7.081821494301668,100
jpeg,0,median5,delta,-8.091732351076187,-8.33152527584699,-7.832211073174599,100
jpeg,0,median5,mdelta,-8.786217393471643,-9.039320554651392,-8.523876592888255,100
jpeg,0,medvae,delta,-11.73822608771998,-11.995166501875108,-11.466741019602605,100
jpeg,0,medvae,mdelta,-11.257540293608542,-11.473092096476824,-11.02413116419267,100
jpeg,1,gauss5,delta,-5.507676383175598,-6.038139614394507,-4.987587528526031,100
jpeg,1,gauss5,mdelta,-3.335915787265798,-3.47276334393063,-3.199540310504273,100
jpeg,1,median5,delta,-4.132473912149444,-4.271796290625338,-3.9872809225073214,100
jpeg,1,median5,mdelta,-4.648408088849903,-4.794737029789789,-4.499657583874402,100
jpeg,1,medvae,delta,-7.681247375168099,-7.925418839487324,-7.4342410377865376,100
jpeg,1,medvae,mdelta,-7.011288725519535,-7.159520104206553,-6.861894870384238,100
jpeg,2,gauss5,delta,-4.281689174138872,-4.792782092404805,-3.780445434287035,100
jpeg,2,gauss5,mdelta,-2.114972290327113,-2.2343381763077352,-1.995507683106554,100
jpeg,2,median5,delta,-2.770517974941167,-2.8944365768679403,-2.639379457265079,100
jpeg,2,median5,mdelta,-3.2763673628830032,-3.411058104611316,-3.1405983056225097,100
jpeg,2,medvae,delta,-6.204199520450559,-6.440591536514837,-5.95937974287976,100
jpeg,2,medvae,mdelta,-5.500714365127979,-5.642888127879206,-5.357894201407038,100
jpeg,3,gauss5,delta,-3.5671381419131127,-4.057742316334764,-3.0854003710089573,100
jpeg,3,gauss5,mdelta,-1.429153510526711,-1.53797993353179,-1.3212699256735667,100
jpeg,3,median5,delta,-1.9600366011126362,-2.071172589516011,-1.8444645246745681,100
jpeg,3,median5,mdelta,-2.4690250550627657,-2.5972922785013095,-2.3414288156489693,100
jpeg,3,medvae,delta,-5.283475235975431,-5.514215675825586,-5.046208159852671,100
jpeg,3,medvae,mdelta,-4.610629924740082,-4.741429764286011,-4.476476313343304,100
jpeg,4,gauss5,delta,-3.011007859629275,-3.4764027439859606,-2.552641915464866,100
jpeg,4,gauss5,mdelta,-0.9032043705213479,-1.0020957992874706,-0.8020692158831181,100
jpeg,4,median5,delta,-1.3247721636239032,-1.4223558529907818,-1.222895075819509,100
jpeg,4,median5,mdelta,-1.8114335724976598,-1.9290446805662338,-1.6914321601854496,100
jpeg,4,medvae,delta,-4.468550600734266,-4.692054254342854,-4.2362260392938325,100
jpeg,4,medvae,mdelta,-3.8361630938537705,-3.962634520491011,-3.707133391350733,100
jpeg,5,gauss5,delta,-2.597231440744584,-3.043265501537603,-2.1595760556597057,100
jpeg,5,gauss5,mdelta,-0.5099894686542943,-0.6003543882631293,-0.41415767527901587,100
jpeg,5,median5,delta,-0.8572507727376545,-0.942128546892702,-0.7694906904098957,100
jpeg,5,median5,mdelta,-1.295550637030388,-1.4051116106195105,-1.1833680531554418,100
jpeg,5,medvae,delta,-3.7892432144250665,-4.0075965289175866,-3.5675558698245493,100
jpeg,5,medvae,mdelta,-3.1973444483911226,-3.3133726567827813,-3.076232566812976,100
jpeg,6,gauss5,delta,-2.160581933248474,-2.5755924358181943,-1.7536545937180665,100
jpeg,6,gauss5,mdelta,-0.1046915981887043,-0.18480998207173635,-0.0195117270184993,100
jpeg,6,median5,delta,-0.38584841643884205,-0.4558626389088834,-0.3142282157982416,100
jpeg,6,median5,mdelta,-0.7301386842787286,-0.828704787185622,-0.6299525573854926,100
jpeg,6,medvae,delta,-3.0531367119681287,-3.2543766391504287,-2.850320364734747,100
jpeg,6,medvae,mdelta,-2.5063209912800444,-2.613473290191674,-2.3964662851103737,100
jpeg,7,gauss5,delta,-1.6360585620988537,-2.0096943918362875,-1.275460329096198,100
jpeg,7,gauss5,mdelta,0.347018726648543,0.2757971156862934,0.422599833966953,100
jpeg,7,median5,delta,0.09135957945861711,0.037958480718443315,0.1449387779568721,100
jpeg,7,median5,mdelta,-0.09010269561737683,-0.17706335943818624,-0.0020805319514423156,100
jpeg,7,medvae,delta,-2.1498956997730323,-2.333439532157455,-1.9692000583266946,100
jpeg,7,medvae,mdelta,-1.6616243662557266,-1.760942029750468,-1.563260978391327,100
jpeg,8,gauss5,delta,-0.9261544955663925,-1.2209623004318808,-0.6429812026229644,100
jpeg,8,gauss5,mdelta,0.9045886801331798,0.8392480253888571,0.9745683594481601,100
jpeg,8,median5,delta,0.4447129193431024,0.40551484870415055,0.4840592142796782,100
jpeg,8,median5,mdelta,0.6352124384778376,0.5625860021448538,0.7089670456511837,100
jpeg,8,medvae,delta,-1.1799400598201786,-1.3230433138220414,-1.0419824515835348,100
jpeg,8,medvae,mdelta,-0.7752518072351574,-0.8466741578070707,-0.7051337918383827,100
jpeg,9,gauss5,delta,0.19006958247125866,0.04698444575588714,0.3250902390274919,100
jpeg,9,gauss5,mdelta,1.3883569385318217,1.3406173162567352,1.4365538157174937,100
jpeg,9,median5,delta,0.39366648815729943,0.3680493601070483,0.41879216046136625,100
jpeg,9,median5,mdelta,0.9120357020753466,0.8642689804089729,0.9598086457328924,100
jpeg,9,medvae,delta,-0.5450108731780439,-0.6936310524476096,-0.42134009542246575,100
jpeg,9,medvae,mdelta,-0.14219082523709228,-0.21810409398615785,-0.08862517409528027,100
poisson,0,gauss5,delta,6.334048169472071,5.94028518182519,6.730388206855767,100
poisson,0,gauss5,mdelta,7.112001193161234,6.873526463113309,7.347146893164054,100
poisson,0,median5,delta,7.238526006602131,7.018119009468583,7.466328673648837,100
poisson,0,median5,mdelta,5.707537463942774,5.438959337027822,5.980091660222776,100
poisson,0,medvae,delta,1.22440506999051,1.1196124269401297,1.3277149257437122,100
poisson,0,medvae,mdelta,0.8953720150910859,0.7750799004728639,1.0188843827914364,100
poisson,1,gauss5,delta,6.6012943809429885,6.226712234955735,6.978644924467708,100
poisson,1,gauss5,mdelta,7.503415166170717,7.27884818001351,7.727025534119992,100
poisson,1,median5,delta,7.433442458653371,7.229721467301223,7.6429462489882525,100
poisson,1,median5,mdelta,6.123371432191976,5.858942617967928,6.385135734076504,100
poisson,1,medvae,delta,1.38856615007672,1.288968604087796,1.4850129133381973,100
poisson,1,medvae,mdelta,1.1315394750294905,1.0203384969062284,1.2470438006209907,100
poisson,2,gauss5,delta,6.927058906284652,6.567845528084335,7.2865152894146075,100
poisson,2,gauss5,mdelta,7.802699834392539,7.591151209124757,8.014106444471539,100
poisson,2,median5,delta,7.750390272721807,7.557362841745756,7.950552292362622,100
poisson,2,median5,mdelta,6.499864724556715,6.24651723878084,6.753329522844609,100
poisson,2,medvae,delta,1.634285850843523,1.5426906080073404,1.7245933005475749,100
poisson,2,medvae,mdelta,1.3822159519141746,1.2783021258734124,1.4866528688537437,100
poisson,3,gauss5,delta,7.278813880141953,6.938297898356324,7.618312013491408,100
poisson,3,gauss5,mdelta,8.123121067749741,7.928560332911399,8.315703220335974,100
poisson,3,median5,delta,8.084161569789341,7.905236973277978,8.269976472266647,100
poisson,3,median5,mdelta,6.874551020693413,6.63690121159519,7.111288967752716,100
poisson,3,medvae,delta,1.8680784553534997,1.7852722521755784,1.951295416617687,100
poisson,3,medvae,mdelta,1.653846951287828,1.554516925944318,1.7576282948832729,100
poisson,4,gauss5,delta,7.666839001681848,7.347757906765733,7.982613179302225,100
poisson,4,gauss5,mdelta,8.4716398162047,8.291260126067186,8.650973421837087,100
poisson,4,median5,delta,8.453521793764649,8.28757209477459,8.623084437584584,100
poisson,4,median5,mdelta,7.33176045112901,7.106111004540163,7.559704077970549,100
poisson,4,medvae,delta,2.1595844392091474,2.0817470592702194,2.236740318274082,100
poisson,4,medvae,mdelta,1.9817636027000747,1.8868998976723794,2.0791495468291705,100
poisson,5,gauss5,delta,8.097536589519883,7.801864036140116,8.386747155325507,100
poisson,5,gauss5,mdelta,8.848218550933014,8.690506238804046,9.004331380116042,100
poisson,5,median5,delta,8.852864179852027,8.702368429767589,9.004107153510773,100
poisson,5,median5,mdelta,7.8188976304880295,7.612343877925093,8.026882496332851,100
poisson,5,medvae,delta,2.5157418871930664,2.4399315750210535,2.589011756280969,100
poisson,5,medvae,mdelta,2.3646996977747254,2.268588538926341,2.4603050545907283,100
poisson,6,gauss5,delta,8.571190248196405,8.312578778529598,8.826717336218078,100
poisson,6,gauss5,mdelta,9.292880137132908,9.154680099687752,9.431258787946852,100
poisson,6,median5,delta,9.277260652652126,9.147371131581968,9.408345822849968,100
poisson,6,median5,mdelta,8.419772598730635,8.231831800128784,8.611428086229994,100
poisson,6,medvae,delta,2.9545213241526027,2.8819065897720413,3.02673443072292,100
poisson,6,medvae,mdelta,2.868143292124503,2.7751601298312445,2.961953682297522,100
poisson,7,gauss5,delta,9.114929057207867,8.896226213119485,9.330680362740646,100
poisson,7,gauss5,mdelta,9.75330673957634,9.644808752275784,9.862985690930914,100
poisson,7,median5,delta,9.752103057274825,9.647947297481137,9.855689729716785,100
poisson,7,median5,mdelta,9.105103584403599,8.946541792558897,9.264167007213237,100
poisson,7,medvae,delta,3.5722213098148314,3.496925343992993,3.645477350648789,100
poisson,7,medvae,mdelta,3.5578583004462194,3.465013310320893,3.646526270102711,100
poisson,8,gauss5,delta,9.740145469016035,9.572694629721134,9.901150991495724,100
poisson,8,gauss5,mdelta,10.276672061664444,10.194930983160406,10.358601912516463,100
poisson,8,median5,delta,10.203927244684644,10.129523072826151,10.27699925963432,100
poisson,8,median5,mdelta,9.860329046049328,9.7433595679658,9.9766433142784,100
poisson,8,medvae,delta,4.590796297290407,4.510783424601927,4.667721037445464,100
poisson,8,medvae,mdelta,4.6101762850701515,4.515489239124582,4.701494582661472,100
poisson,9,gauss5,delta,10.325361021327042,10.219320394146587,10.425812980506604,100
poisson,9,gauss5,mdelta,10.869199136520226,10.832866551207202,10.906837114615259,100
poisson,9,median5,delta,10.037131620167424,9.990483956237979,10.082711669090058,100
poisson,9,median5,mdelta,10.256258638623315,10.204483253494098,10.308789898261526,100
poisson,9,medvae,delta,6.64107457749451,6.505083207196416,6.76042283734483,100
poisson,9,medvae,mdelta,6.8072926893463865,6.659765990203546,6.936892199542798,100
